[
    {
        "가게명": "Cajun Seoul",
        "주소": "17street, 49 백제고분로 잠실동 송파구",
        "평점": 4.9,
        "위도": 37.5098443,
        "경도": 127.0851968,
        "place_id": "ChIJVSr3TCWlfDURUyXZ-zN9wB8",
        "img_URL": "https://maps.googleapis.com/maps/api/place/photo?key=AIzaSyBMpSPfY-brXtLzGQNDvnsJyf-r61u-H6k&photoreference=AWU5eFhaIGhbTMjfQdWmzojHp90mvz1LBpoCxU7pT49FiVy5t9dUfpf70DyQiLYh9ahb3Wcxa6sm0j04OgHKqpThnzZ11nCsieMkc3hVMVQvRmdJhb9yCp_F4f1baotMXwvvUKEnvKzRqoD2B-h23M57IoE33_y5zhMAa-LEEnaqdlma6ZGF&maxwidth=400"
    },
    {
        "가게명": "Rooted Seoul (루티드)",
        "주소": "101호, Ogumro 17gil, 7 오금로17길 unit101, 송파구",
        "평점": 4.9,
        "위도": 37.5114382,
        "경도": 127.1114266,
        "place_id": "ChIJVVramCOlfDURAvjOWVNyQYk",
        "img_URL": "https://maps.googleapis.com/maps/api/place/photo?key=AIzaSyBMpSPfY-brXtLzGQNDvnsJyf-r61u-H6k&photoreference=AWU5eFip9VQRbt7Co3xw0NaLQ2s9SEsyGoQZjofNCAdgPMb3wjSzXfYQmMRa3NVlR7RDL-xl11YvSJmWbcNNAebpLkJZ1cpVFMXQFdkJrMgt0VDlY173fqszSKprz53VO-N25_uVxMXE1iHNBC7LLDV5JU1ymFMk2TPf6NZWgF-7uxnTI_I0&maxwidth=400"
    },
    {
        "가게명": "잠실 데이트 어거스트힐 방이점",
        "주소": "송파구 오금로15길 9-12",
        "평점": 4.8,
        "위도": 37.5132139,
        "경도": 127.1093271,
        "place_id": "ChIJvelFKtmlfDURF87_stM7xcw",
        "img_URL": "https://maps.googleapis.com/maps/api/place/photo?key=AIzaSyBMpSPfY-brXtLzGQNDvnsJyf-r61u-H6k&photoreference=AWU5eFgDYu5ppOmvzYuBTAKtbgpIsgD_-BZ2iEcvRADbQru4u9PAFu4h7Ojcu27n_wp93M-svFPx4iY-cRotF5sPQ06H0I757l_4wwhUIrJJD-mzzQdGsFIHrOIt_ecOhtVgejmmsoeINF_RVrvZnqM809QT2kKnOdrTYby_L5wnaZE6zmsF&maxwidth=400"
    },
    {
        "가게명": "미강식당",
        "주소": "송파구 백제고분로 122",
        "평점": 4.7,
        "위도": 37.5061906,
        "경도": 127.0803199,
        "place_id": "ChIJyWNpgEykfDURNjhpi0FVtZ0",
        "img_URL": "https://maps.googleapis.com/maps/api/place/photo?key=AIzaSyBMpSPfY-brXtLzGQNDvnsJyf-r61u-H6k&photoreference=AWU5eFg_AJKTrkp21q4TIlrtQH1nisIeuNv7Su_J17JChE8cu3QctWYTpWon3Ci8rJ9o7ndZOzg8Y2OqzvbwY9hvLDirKmxSEHdh4Fk4lupo2vmCQzM5mLgudkpT2EX2xkST27w-Lq0WMPz3vt79Cq1meC994_hrm8T6OL3XJzv2KpbpfiMr&maxwidth=400"
    },
    {
        "가게명": "Restaurant",
        "주소": "송파구 삼전동 백제고분로 4길 22",
        "평점": 4.6,
        "위도": 37.5014961,
        "경도": 127.0885737,
        "place_id": "ChIJT-JsnLalfDUROEEinBtSlY8",
        "img_URL": "https://maps.googleapis.com/maps/api/place/photo?key=AIzaSyBMpSPfY-brXtLzGQNDvnsJyf-r61u-H6k&photoreference=AWU5eFi4e9lsNeV8m9uGDnd0GkG_tGFEgJjaw_lZWCZxzWQwz_YQmSbN6QfFWE0jZ7vsZ92T6eCZniG7-y_XX1Xu_dvWjQEHncBORIMufsd6s10ykIz_xHDkDA2Xf_ZhuJdzbyz0hRGDMV1t4vJjPCabq_F0kEXpHVHKcVacvwLBBbB6ON_i&maxwidth=400"
    },
    {
        "가게명": "구이구이 생선구이전문점",
        "주소": "송파구 올림픽로 240",
        "평점": 4.5,
        "위도": 37.5121459,
        "경도": 127.0993683,
        "place_id": "ChIJUSIoI_mlfDURgK9mV4n0cV4",
        "img_URL": "https://maps.googleapis.com/maps/api/place/photo?key=AIzaSyBMpSPfY-brXtLzGQNDvnsJyf-r61u-H6k&photoreference=AWU5eFiuSXicuEni5tDCxarh_i7zqBs0aYeLS_ghZXwbhioWJYJWlrPAvt3aoXzgS5VexnExTxbFzjD0jbB3bfSSXhJB99ETWfAEmJ0LRrYyeC3ztAe5f-j9mJKMoPsFPRi2mNtZiVXd33n_E8CQegsU_i27Aet0tMxFj1bsXp5nVNAn4S79&maxwidth=400"
    },
    {
        "가게명": "키친오브인디아 (KITCHEN OF INDIA)",
        "주소": "송파구 올림픽로 336 대우유토피아 지하 1층 6호",
        "평점": 4.4,
        "위도": 37.5153973,
        "경도": 127.1074583,
        "place_id": "ChIJgRmBm3OlfDURo3teRuWpcyA",
        "img_URL": "https://maps.googleapis.com/maps/api/place/photo?key=AIzaSyBMpSPfY-brXtLzGQNDvnsJyf-r61u-H6k&photoreference=AWU5eFg-HeDKH2MUVVC_kt79qJe6p7MR3hXvc6pNSPwNULLhrIH1ojWqRl-SlVaUENmJ9AIk-3b2esDdq2v35aAi8iLWBMVY1ZPx2KY8ZesNlx1LmoIQ2_e9nQM--IjeAKkfsvUiLlPMzM-SoE4qdD8iyHNMrSRbcpLZd48MmMciW30HZNww&maxwidth=400"
    },
    {
        "가게명": "알라딘의양고기",
        "주소": "송파구 잠실본동 백제고분로7길 42-16",
        "평점": 4.4,
        "위도": 37.5100829,
        "경도": 127.0836955,
        "place_id": "ChIJwy1HRa2lfDURtzjtEAVXSq0",
        "img_URL": "https://maps.googleapis.com/maps/api/place/photo?key=AIzaSyBMpSPfY-brXtLzGQNDvnsJyf-r61u-H6k&photoreference=AWU5eFiC6HTOkyn-Plb0jUIT85ql3SFfdfKlNFEEKxhg4FuZLwvRXZCNZIC_O5iN4ExbBbDSsJrYCybi37gvZw7DbckNe8l8MHeTb-ddeRhJxy5kTv02ZTyHfw0_lpjl4HXup9dU_tXbEdUTH6_ZUD50b07ej47NgHfhGhXmWcOuf-EwyKtt&maxwidth=400"
    },
    {
        "가게명": "브루클린더버거조인트 롯데월드몰점",
        "주소": "송파구 올림픽로 300",
        "평점": 4.3,
        "위도": 37.5136425,
        "경도": 127.1042026,
        "place_id": "ChIJoWg1gGalfDURdxgFKGTHPgo",
        "img_URL": "https://maps.googleapis.com/maps/api/place/photo?key=AIzaSyBMpSPfY-brXtLzGQNDvnsJyf-r61u-H6k&photoreference=AWU5eFgDsiejUvbfI-cZYxpo3mrYKPKCd1bkMlu10wr7aVzUtAj_Nq1kGuDLoP0gzNMi2GCMoZKb64fuKncfpZpfvGwFayc5DOOdGo-HzCBt9PeApBtrcvXGj-aqXHdVSFzNhy6kTI_lLvTs-zUwyitIvy8jlENRFwxuXmS-cPDdTEW2fmTp&maxwidth=400"
    },
    {
        "가게명": "차만다 (Charmandre)",
        "주소": "송파구 오금로16길 4-15 1층",
        "평점": 4.2,
        "위도": 37.5112065,
        "경도": 127.1083093,
        "place_id": "ChIJ2RgM_JylfDUR6tNGJArLINg",
        "img_URL": "https://maps.googleapis.com/maps/api/place/photo?key=AIzaSyBMpSPfY-brXtLzGQNDvnsJyf-r61u-H6k&photoreference=AWU5eFgZEcBZMhqGCvUuGwpgZWAJEY2OxagnWTRR-QVq37q5eKus0BCLeOqXalZQXoky0OfCrgaKXplW6IT16jMBGiTCzpJCQdCPyb-0ONCyouDQJSgYU8LwjA3BJk-X7JM7gJfKfCBnR2dM8K51hC4TjlSCkKW6X3UVCjkKtwH7gAQoDNhe&maxwidth=400"
    },
    {
        "가게명": "디라이프스타일키친 롯데월드몰점",
        "주소": "송파구 올림픽로 300 롯데월드몰 5층",
        "평점": 4.2,
        "위도": 37.513718,
        "경도": 127.1036623,
        "place_id": "ChIJmX66jaylfDURVfTBNyDXM14",
        "img_URL": "https://maps.googleapis.com/maps/api/place/photo?key=AIzaSyBMpSPfY-brXtLzGQNDvnsJyf-r61u-H6k&photoreference=AWU5eFjLMoq2ZajPI7u9lvf7B0zAcGwUMicWNms5o4K44AVfTc6QjkIw2Lo_5iEBK84LuNmS3xTNHKkjhF1WAbO9QhfHUNB5HQC-jaleUU0VWNFP_IrJtXixwg0aC8RV_aPq2ZGvQKjBq5xYFm7Dn-5hygDlqW_4X_ALHNHacZuY1qNd_ijl&maxwidth=400"
    },
    {
        "가게명": "온더보더 롯데월드몰점",
        "주소": "동 KR 서울특별시 송파구 올림픽로 300 롯데월드몰 캐쥬얼 6층",
        "평점": 4.1,
        "위도": 37.5136236,
        "경도": 127.103748,
        "place_id": "ChIJz8_EKQulfDURhaNf4QFhGY8",
        "img_URL": "https://maps.googleapis.com/maps/api/place/photo?key=AIzaSyBMpSPfY-brXtLzGQNDvnsJyf-r61u-H6k&photoreference=AWU5eFgHudBbZiU5J7teMyDdQ2eAnUFXVyn67HLnJQfN_4rMX-piR13b7OI-qbtrtlV6894lsaQsnMOUUhKDBRN69qjCtYXkxElzy4mK1coU_TZf10kEjm5D6UCCOxv-k1zhanM87ply44D4Dvap07CT2Qr0InS8gw9iVOE6ZzK-etAlNxIT&maxwidth=400"
    },
    {
        "가게명": "Restaurant",
        "주소": "대한민국 서울특별시",
        "평점": 4,
        "위도": 37.50054739999999,
        "경도": 127.1237622,
        "place_id": "ChIJwRBo3YClfDURQduz5cnzymM",
        "img_URL": "https://maps.googleapis.com/maps/api/place/photo?key=AIzaSyBMpSPfY-brXtLzGQNDvnsJyf-r61u-H6k&photoreference=AWU5eFibXE8CD3qjI77JGc8pXlCj016xwdugIlb4Cdf25q3OYpwRYMTMgRHgllDWHt5oAB5o3TRqlcs9wnKIoT_zDFse5rPP8CwXk9ZEjsVZg0Xfq_tgRCWdf7rQLSb75B8gMCEAdkt-qVkGwm2-PW6-m24VePM3dc1X73jX3ttZgTSBT-mp&maxwidth=400"
    },
    {
        "가게명": "고든램지버거",
        "주소": "송파구 올림픽로 300 롯데월드몰 B1",
        "평점": 3.9,
        "위도": 37.513217,
        "경도": 127.1015777,
        "place_id": "ChIJu7-AGf-lfDURUgzep2pw8X0",
        "img_URL": "https://maps.googleapis.com/maps/api/place/photo?key=AIzaSyBMpSPfY-brXtLzGQNDvnsJyf-r61u-H6k&photoreference=AWU5eFia7SCRemya1gQuZp0wuLr181XGScE_EIX8hMqUzL_bPLOB1kzp3NcPymLRq_yUnoMFjzMLEU-_NBEeg8r4bg1Ail5noGtKtNweomJRDCV0dVZBbgq2EBaidZPfYlXsfAh3gm65apkfELuEhN8727lykRQzGKbl2OqfkNfivG8UP4Xz&maxwidth=400"
    },
    {
        "가게명": "피에프창 롯데월드몰점",
        "주소": "송파구 올림픽로 300",
        "평점": 3.9,
        "위도": 37.513496,
        "경도": 127.1034208,
        "place_id": "ChIJy2_S3gqlfDURqOqdOv2YapE",
        "img_URL": "https://maps.googleapis.com/maps/api/place/photo?key=AIzaSyBMpSPfY-brXtLzGQNDvnsJyf-r61u-H6k&photoreference=AWU5eFhS7Cweda1LOW9uHj2ChWsVsYico68YWydlNlzismnsF4cCdfUr6momp5PI2hP3V2cCkxBWqCqhxpvRj_4C3w7ciTklfhuH7ZT3n-CneBMwe2LbhA6w6Iy3BWX6BQXIWWSQcZP7G73HqHn30EZmSA1TmM7b0SLcE7bPT6lWlmnODX38&maxwidth=400"
    }
]