[
    {
        "attraction": "용산가족공원",
        "address": "용산구 서빙고로 185",
        "rating": 4.6,
        "lat": 37.5199816,
        "lng": 126.9850321,
        "operating_time": {
            "월요일": "24시간 영업",
            "화요일": "24시간 영업",
            "수요일": "24시간 영업",
            "목요일": "24시간 영업",
            "금요일": "24시간 영업",
            "토요일": "24시간 영업",
            "일요일": "24시간 영업"
        },
        "image": "https://maps.googleapis.com/maps/api/place/photo?key=AIzaSyBMpSPfY-brXtLzGQNDvnsJyf-r61u-H6k&photoreference=ATplDJb0wgI8bbjgB-12_XN0GoxOMhpqOoN8bLDEFxzKjfp45PoG0mxF41zMJtN8rw53nry_ZUlFCsAz8xhZDKcAl1LOfnfbT0uZQda2UwOPIU8J6COUkPQQeOSsbbHZ4yFJW_rGvCX5MGObG841AfQS4Y6T_6CdCGqD2Ptma1z-tzRHRafv&maxwidth=400&maxheight=400"
    },
    {
        "attraction": "몽마르뜨공원",
        "address": "서초구 서초동",
        "rating": 4.4,
        "lat": 37.49509949999999,
        "lng": 127.0035246,
        "operating_time": {
            "월요일": "24시간 영업",
            "화요일": "24시간 영업",
            "수요일": "24시간 영업",
            "목요일": "24시간 영업",
            "금요일": "24시간 영업",
            "토요일": "24시간 영업",
            "일요일": "24시간 영업"
        },
        "image": "https://maps.googleapis.com/maps/api/place/photo?key=AIzaSyBMpSPfY-brXtLzGQNDvnsJyf-r61u-H6k&photoreference=ATplDJbWHW1X9W0A8hgyMb4JImn6OO4BciDi_4n26K3SHRUDU6wbNbxdNSs_wtUYC19adeoLONRNhyRa_3-DWpcliGG6HSC1Bhb0QJBW3zKtL9E7JcFi5czb4-OJ3mXXPbWxjfGo65sX2C7MBo0Lmo24uHAxMwUV0dTk6fbttgzVolH7ddeA&maxwidth=400&maxheight=400"
    },
    {
        "attraction": "페인트래빗 성수",
        "address": "성동구 성수이로 39",
        "rating": 0,
        "lat": 37.5386883,
        "lng": 127.0546049,
        "operating_time": "운영 시간을 제공하지 않는 장소입니다",
        "image": "-"
    }
]