[
    {
        "restaurant": "Restaurant",
        "address": "대한민국 부산광역시",
        "rating": 4.2,
        "lat": 35.0946988,
        "lng": 129.0235029,
        "operating_time": {
            "월요일": "오전 11:00 ~ 오후 10:00",
            "화요일": "오전 11:00 ~ 오후 10:00",
            "수요일": "오전 11:00 ~ 오후 10:00",
            "목요일": "오전 11:00 ~ 오후 10:00",
            "금요일": "오전 11:00 ~ 오후 10:00",
            "토요일": "오전 11:00 ~ 오후 10:00",
            "일요일": "오전 11:00 ~ 오후 10:00"
        },
        "tel": "전화번호를 제공하지 않는 음식점입니다",
        "image": "https://maps.googleapis.com/maps/api/place/photo?key=AIzaSyB_xHRmY9pPWr9b6Big-8EmQLeGofecec0&photoreference=ATplDJa4nD_-m6dxqxZkUXxH3mSV00tuZBIJjI2LHU83J9Whz7cWB-IvnmAFSSRrhqQl23fYONbAEkk6fT-4gwsKJG_bSnDZ54BsJiBBBD0yxK3dd2J9tuad5i0o9lt0vtea-EP9BZ7V_XeuA5v_zMwVU_tqyM0qHSqjPi8oHgouGPl8EllY&maxwidth=400"
    },
    {
        "restaurant": "Restaurant",
        "address": "대한민국 부산광역시",
        "rating": 4,
        "lat": 35.1186359,
        "lng": 129.0404464,
        "operating_time": "운영 시간을 제공하지 않는 음식점입니다",
        "tel": "051-466-3782",
        "image": "https://maps.googleapis.com/maps/api/place/photo?key=AIzaSyB_xHRmY9pPWr9b6Big-8EmQLeGofecec0&photoreference=ATplDJZCxBsKnM8PTcaSmsVyRmg3GIxwmnL7NoNWnR5lper4-2Rs_CkK-WIXf3goKg3aucqhJhasC-SflwIutu0saxZrgRClE85rewH7QzJSBNg_m-NjfZvUvcnHVwuqZ-iPeGyIjKMHBu1YbrZBTdHIqLLR5G8IR-DqQUigX7pi1R89Dv2V&maxwidth=400"
    },
    {
        "restaurant": "Restaurant",
        "address": "대한민국 부산광역시",
        "rating": 4.4,
        "lat": 35.09016,
        "lng": 129.0378035,
        "operating_time": {
            "월요일": "오전 11:00 ~ 오후 9:30",
            "화요일": "오전 11:00 ~ 오후 9:30",
            "수요일": "오전 11:00 ~ 오후 9:30",
            "목요일": "오전 11:00 ~ 오후 9:30",
            "금요일": "오전 11:00 ~ 오후 9:30",
            "토요일": "오전 11:00 ~ 오후 9:30",
            "일요일": "오전 11:00 ~ 오후 9:30"
        },
        "tel": "051-417-0344",
        "image": "https://maps.googleapis.com/maps/api/place/photo?key=AIzaSyB_xHRmY9pPWr9b6Big-8EmQLeGofecec0&photoreference=ATplDJbTla0xpLTgIKoFdEVA5YL-2AXT5O5fyQBUpCRXzkL0bGhppBctaeF0DAlJE3p23lF2u3qBKlSFTSQ9ZD4t2VTt4TEAhgLf66uebgrLE-zTFqj3KOdcriQziUCefKeJvYLKA-Lsmo6gMkGYz0f-573Mn2UudWjBmN4AUOO8BWby6QhA&maxwidth=400"
    },
    {
        "restaurant": "뉴리틀인디아 New little india(Indian Restaurant)",
        "address": "3층, 33-1 비프광장로 남포동 중구 부산광역시 대한민국",
        "rating": 3.4,
        "lat": 35.0989757,
        "lng": 129.0289172,
        "operating_time": {
            "월요일": "오전 10:00 ~ 오후 10:00",
            "화요일": "오전 10:00 ~ 오후 10:00",
            "수요일": "오전 10:00 ~ 오후 10:00",
            "목요일": "오전 10:00 ~ 오후 10:00",
            "금요일": "오전 10:00 ~ 오후 10:00",
            "토요일": "오전 10:00 ~ 오후 10:00",
            "일요일": "오전 10:00 ~ 오후 10:00"
        },
        "tel": "051-245-4127",
        "image": "https://maps.googleapis.com/maps/api/place/photo?key=AIzaSyB_xHRmY9pPWr9b6Big-8EmQLeGofecec0&photoreference=ATplDJbJaIr-VaLw-oFlqUIHQG-5JEaNlfHD9eQ_2Mh72bu0KerbwEEtOWrLGxf13vdBDN9Ns2wNd4VSneS9R5jl8VnplA6pB6JUDKrctB1HXs_1wulE4_6e6_eafK4_CHH17hdyWK3CXRVMUE8YZ9zfhqVrKJc6KXWzaP9EScLtGzXHjhRW&maxwidth=400"
    },
    {
        "restaurant": "Restaurant",
        "address": "대한민국 부산광역시",
        "rating": 0,
        "lat": 35.0809628,
        "lng": 129.0170659,
        "operating_time": {
            "월요일": "오전 11:00 ~ 오후 11:00",
            "화요일": "오전 11:00 ~ 오후 11:00",
            "수요일": "오전 11:00 ~ 오후 11:00",
            "목요일": "오전 11:00 ~ 오후 11:00",
            "금요일": "오전 11:00 ~ 오후 11:00",
            "토요일": "오전 11:00 ~ 오후 11:00",
            "일요일": "오전 11:00 ~ 오후 11:00"
        },
        "tel": "051-247-1117",
        "image": "사진을 제공하지 않는 음식점 입니다"
    },
    {
        "restaurant": "Passage Restaurant",
        "address": "대한민국 부산광역시 동구 대영로243번길 87",
        "rating": 4.4,
        "lat": 35.1158456,
        "lng": 129.039347,
        "operating_time": "운영 시간을 제공하지 않는 음식점입니다",
        "tel": "010-4569-2538",
        "image": "https://maps.googleapis.com/maps/api/place/photo?key=AIzaSyB_xHRmY9pPWr9b6Big-8EmQLeGofecec0&photoreference=ATplDJbc1MphNeJPaVyE6Rwa-Vb4-7P8vyP4RvGHwQ8AJrXmJw9Vo44AN12Jl3nxJwQPEJpLLwHDzLUHo0CwgSqJkCJICtgVEml-c8HqfGMyVap7MdQFlFTVzJlzpqjdon7dPuGWuxoH7BzisEiZcRaxaGjS-pkfr0d7qWzcHXruMdOiMKWy&maxwidth=400"
    },
    {
        "restaurant": "JACKY'S SEAFOOD RESTAURANT-돼지초밥-자갈치할매간장게장",
        "address": "대한민국 부산광역시 중구 자갈치해안로 52",
        "rating": 4.4,
        "lat": 35.0967055,
        "lng": 129.0304885,
        "operating_time": {
            "월요일": "오전 10:00 ~ 오후 10:00",
            "화요일": "오전 10:00 ~ 오후 10:00",
            "수요일": "오전 10:00 ~ 오후 10:00",
            "목요일": "오전 10:00 ~ 오후 10:00",
            "금요일": "오전 10:00 ~ 오후 10:00",
            "토요일": "오전 10:00 ~ 오후 10:00",
            "일요일": "오전 10:00 ~ 오후 10:00"
        },
        "tel": "010-6769-8085",
        "image": "https://maps.googleapis.com/maps/api/place/photo?key=AIzaSyB_xHRmY9pPWr9b6Big-8EmQLeGofecec0&photoreference=ATplDJZF76nwvFxLe3oBXLNiRaszFk78jzCMi2znTsK_guylemZrjU1zvLepTY9R6hpQsalbwFqvaC6dZYicYcWmd_Jgqmg8bcq2RcvIY-AqmGnh7_IcuJi4PjvGH-CEL5YfEfI_SP8su5Oq-YEk14LyDB9XQH_4ozyXQh4i4reTmM-JCLGk&maxwidth=400"
    },
    {
        "restaurant": "남포갈비집",
        "address": "대한민국 부산광역시 중구 광복로 14-1",
        "rating": 4.5,
        "lat": 35.0993347,
        "lng": 129.026648,
        "operating_time": {
            "월요일": "오후 4:00 ~ 오전 2:00",
            "화요일": "오후 4:00 ~ 오전 2:00",
            "수요일": "오후 4:00 ~ 오전 2:00",
            "목요일": "오후 4:00 ~ 오전 2:00",
            "금요일": "오후 4:00 ~ 오전 2:00",
            "토요일": "오후 4:00 ~ 오전 2:00",
            "일요일": "오후 4:00 ~ 오전 2:00"
        },
        "tel": "전화번호를 제공하지 않는 음식점입니다",
        "image": "https://maps.googleapis.com/maps/api/place/photo?key=AIzaSyB_xHRmY9pPWr9b6Big-8EmQLeGofecec0&photoreference=ATplDJZUg2xT7PJFWF5DEF2nnfMIwxjY7rwmr1x3QyCYDKn5gSCTXRBg1AjFatb8NJ0flgSOO90LFzGaVK6tJJYwKkqOCPeCfiPMK2jXMFMEM00t8Xj8wn6saO24C0PocUza7uCfi-R2HMsdvLEnuDbwnc24NoENo-QQjQXZsru7_o96DfeA&maxwidth=400"
    },
    {
        "restaurant": "봄베이브로이 광복점",
        "address": "대한민국 부산광역시 중구 광복로 75",
        "rating": 4.1,
        "lat": 35.098718,
        "lng": 129.0332528,
        "operating_time": {
            "월요일": "오전 11:00 ~ 오후 10:00",
            "화요일": "오전 11:00 ~ 오후 10:00",
            "수요일": "오전 11:00 ~ 오후 10:00",
            "목요일": "오전 11:00 ~ 오후 10:00",
            "금요일": "오전 11:00 ~ 오후 10:00",
            "토요일": "오전 11:00 ~ 오후 10:00",
            "일요일": "오전 11:00 ~ 오후 10:00"
        },
        "tel": "051-256-7828",
        "image": "https://maps.googleapis.com/maps/api/place/photo?key=AIzaSyB_xHRmY9pPWr9b6Big-8EmQLeGofecec0&photoreference=ATplDJbO6zDai1vHsY2NDssaPtzFL7aYH2pXtNsKTVJ3qK8KZUt0diMqGbBiopM6XIt8CuDhSGMPPlGW9ih4oXPYWgRCbj9tLysirSbFzVO0D9tfGHtV9eLmwuO7cpzFtVbudSThMXP4Sg2krj8vgSN-RgPU2iDBHaBANJTQxVGqN0d2EW6Y&maxwidth=400"
    },
    {
        "restaurant": "충무횟집",
        "address": "대한민국 부산광역시 중구 자갈치해안로 27",
        "rating": 3.2,
        "lat": 35.0965157,
        "lng": 129.0282097,
        "operating_time": {
            "월요일": "24시간 영업",
            "화요일": "24시간 영업",
            "수요일": "24시간 영업",
            "목요일": "24시간 영업",
            "금요일": "24시간 영업",
            "토요일": "24시간 영업",
            "일요일": "24시간 영업"
        },
        "tel": "051-246-8563",
        "image": "https://maps.googleapis.com/maps/api/place/photo?key=AIzaSyB_xHRmY9pPWr9b6Big-8EmQLeGofecec0&photoreference=ATplDJYSklJ0ddoL-B0L4gHom_bKp98QJ4oZlK7e200tz_6t39emvTnWm4XDV3T4nESPQPtehlh0DMOupZET_iT_DMRD1MsVPplh3YJquCmS3gyeESpmuwR79XNEe2WUDdspe3RQBjN0EgBcELxo6l46YAjvOjsZXXyLUAOOgxbwmCqmnnZz&maxwidth=400"
    },
    {
        "restaurant": "송도키친",
        "address": "대한민국 부산광역시 서구 송도해변로 113",
        "rating": 4.1,
        "lat": 35.0777186,
        "lng": 129.0193398,
        "operating_time": {
            "월요일": "오후 12:00~2:30, 오후 5:00~10:00",
            "화요일": "오후 12:00~2:30, 오후 5:00~10:00",
            "수요일": "오후 12:00~2:30, 오후 5:00~10:00",
            "목요일": "오후 12:00~2:30, 오후 5:00~10:00",
            "금요일": "오후 12:00~2:30, 오후 5:00~10:00",
            "토요일": "오후 12:00~2:30, 오후 5:00~10:00",
            "일요일": "오후 12:00~2:30, 오후 5:00~10:00"
        },
        "tel": "051-260-0050",
        "image": "https://maps.googleapis.com/maps/api/place/photo?key=AIzaSyB_xHRmY9pPWr9b6Big-8EmQLeGofecec0&photoreference=ATplDJYUQJykcwIPr278lHkbHCd9_s7LG8vdagoGH14cxJ-uLQchfbav8Qepjf09DFqQw0DDYI6jCN0KCH4b7Lc-ZFrHCeDFrkm5v2PzCI9UsSoiS5eiKUjp7MBIrSr8S9k7FawDu3DXqQnQzyrC0NhNgnWWaEq9kPFWy-N4txOAa2mUpJD2&maxwidth=400"
    },
    {
        "restaurant": "Happiness Restaurant",
        "address": "대한민국 부산광역시 동구 초량제3동 중앙대로",
        "rating": 3.3,
        "lat": 35.1148833,
        "lng": 129.0411471,
        "operating_time": "운영 시간을 제공하지 않는 음식점입니다",
        "tel": "전화번호를 제공하지 않는 음식점입니다",
        "image": "https://maps.googleapis.com/maps/api/place/photo?key=AIzaSyB_xHRmY9pPWr9b6Big-8EmQLeGofecec0&photoreference=ATplDJb296qqvTeIRHAcyA5FJ0FNW1IlXOjwXTDmbHFaye_Ir8GRRXSd7KkG4LI5xt5X-GSKRRBfKce0l7-9WiISN0d6inwHTdJt1GmlS0KUS8zl1EC8YnFoMIm3nqonxs6WakiyS3nIif20SnIM8oTiAqEDI4J4T_6RKgwTGNJqImsOZLtG&maxwidth=400"
    },
    {
        "restaurant": "고담",
        "address": "Basement 1, Commodore Hotel, 151 중구로 중구 부산광역시 대한민국",
        "rating": 3,
        "lat": 35.1090506,
        "lng": 129.0350539,
        "operating_time": {
            "월요일": "휴무일",
            "화요일": "오후 12:00~2:30, 오후 6:00~8:00",
            "수요일": "오후 12:00~2:30, 오후 6:00~8:00",
            "목요일": "오후 12:00~2:30, 오후 6:00~8:00",
            "금요일": "오후 12:00~2:30, 오후 6:00~8:00",
            "토요일": "오후 12:00~2:30, 오후 6:00~8:00",
            "일요일": "오후 12:00~2:30, 오후 6:00~8:00"
        },
        "tel": "051-461-9747",
        "image": "https://maps.googleapis.com/maps/api/place/photo?key=AIzaSyB_xHRmY9pPWr9b6Big-8EmQLeGofecec0&photoreference=ATplDJbY80Fgle2jrIwMNUvFzNeEzNVctk4kIE4o5nvF6QP5CzRqgTdXTm0KKR8LKJNpo-9tzsTiknYCoHP-zAz_TbKozwEQhw2_3lzMJD67sBxkMH2gYBCH0_BxQefG5iP3FvydTAEcRauPXopt-hx3dZLPs-yonzrTQs6zef96uG-uCCvu&maxwidth=400"
    },
    {
        "restaurant": "더(THE)숯불",
        "address": "대한민국 부산광역시 중구 중구로5번길 5",
        "rating": 4,
        "lat": 35.0980823,
        "lng": 129.0276578,
        "operating_time": {
            "월요일": "오전 11:30 ~ 오후 10:30",
            "화요일": "오전 11:30 ~ 오후 10:30",
            "수요일": "오전 11:30 ~ 오후 10:30",
            "목요일": "오전 11:30 ~ 오후 10:30",
            "금요일": "오전 11:30 ~ 오후 10:30",
            "토요일": "오전 11:30 ~ 오후 10:30",
            "일요일": "오전 11:30 ~ 오후 10:30"
        },
        "tel": "051-242-4988",
        "image": "https://maps.googleapis.com/maps/api/place/photo?key=AIzaSyB_xHRmY9pPWr9b6Big-8EmQLeGofecec0&photoreference=ATplDJav6423iUP7TfbCtsNzikGthA_vmSY4iwlhhyJiB6TbvthssWsJsRmuBH18fajC_DsZYJC0-tFmIdP4g6iknLR3JNc7S6Bd-Fg6rkb1R9SGt9FeBYmaQGqro0QzKfdoGsAh4D9zaWjSQBWTTDtt-rB_5dhOtMOqtg14KG62ANfYRD9g&maxwidth=400"
    },
    {
        "restaurant": "복돈식당",
        "address": "대한민국 부산광역시 중구 충장대로5번길 26",
        "rating": 4.1,
        "lat": 35.1076461,
        "lng": 129.0372881,
        "operating_time": {
            "월요일": "오전 11:00 ~ 오후 10:00",
            "화요일": "오전 11:00 ~ 오후 10:00",
            "수요일": "오전 11:00 ~ 오후 10:00",
            "목요일": "오전 11:00 ~ 오후 10:00",
            "금요일": "오전 11:00 ~ 오후 10:00",
            "토요일": "오후 5:30~10:00",
            "일요일": "휴무일"
        },
        "tel": "051-468-3400",
        "image": "https://maps.googleapis.com/maps/api/place/photo?key=AIzaSyB_xHRmY9pPWr9b6Big-8EmQLeGofecec0&photoreference=ATplDJYi8PVzbTtfM2BxL6SaYS4bzM4WEyJ7CkQ20W_6ep_7LyvWDJA9b3w2KduW-EBoMFutysvcPDrNVqFl1w8H3tMZptAXd-wJt8fuFsnQyfhVNIFoi2HOa-au_H-9IzcurMKjLuMmL_S--ey_LEv0D1fB6wflAObgZB5L0m-eKQ1QZHcN&maxwidth=400"
    },
    {
        "restaurant": "아르프",
        "address": "대한민국 부산광역시 영도구 태종로99번길 35",
        "rating": 4.4,
        "lat": 35.0929191,
        "lng": 129.0425592,
        "operating_time": {
            "월요일": "오전 11:30 ~ 오후 8:00",
            "화요일": "오전 11:30 ~ 오후 8:00",
            "수요일": "오전 11:30 ~ 오후 8:00",
            "목요일": "오전 11:30 ~ 오후 8:00",
            "금요일": "오전 11:30 ~ 오후 8:00",
            "토요일": "오전 11:30 ~ 오후 8:00",
            "일요일": "오전 11:30 ~ 오후 8:00"
        },
        "tel": "010-5588-1368",
        "image": "https://maps.googleapis.com/maps/api/place/photo?key=AIzaSyB_xHRmY9pPWr9b6Big-8EmQLeGofecec0&photoreference=ATplDJah9ez4vhRDDNR98lz2r_9UUw7IJx7XpT2DGeYvK1raQi3mave12kgQRLmCO63WmGWNABCdex4k2ggOZkDZbnCxAS-6k8Wqmrl0Fl8bDbQ0-rKEvRCLLMLIQKQdMXBulID4hF6QE53cPPHBBdISzM7Fhp4Nzr4sDfURnVm7JoadKhYf&maxwidth=400"
    },
    {
        "restaurant": "비스트로 바이 지니케이트",
        "address": "대한민국 부산광역시 중구 남포동 구덕로34번길",
        "rating": 4.2,
        "lat": 35.0985993,
        "lng": 129.0321568,
        "operating_time": {
            "월요일": "오전 10:00 ~ 오후 9:00",
            "화요일": "오전 10:00 ~ 오후 9:00",
            "수요일": "오전 10:00 ~ 오후 9:00",
            "목요일": "오전 10:00 ~ 오후 9:00",
            "금요일": "오전 10:00 ~ 오후 9:00",
            "토요일": "오전 10:00 ~ 오후 9:00",
            "일요일": "오전 10:00 ~ 오후 9:00"
        },
        "tel": "070-7393-1977",
        "image": "https://maps.googleapis.com/maps/api/place/photo?key=AIzaSyB_xHRmY9pPWr9b6Big-8EmQLeGofecec0&photoreference=ATplDJb9om3cFhm70PtB5k0BzwJ_yzZVqguAinuNxvRkybZReOreT2phC7cHtu7WvuKaxUk4mtvfqA1Rf2jWnOnX8-EgT96zhOnagObjM8dPys9cSVBYl60mi1Z7M-Tupa8HtHVu-ccLzurp_MS9Gjh5GvTCvEBxPMilOe2euY2-UeB6AiRc&maxwidth=400"
    },
    {
        "restaurant": "본전돼지국밥",
        "address": "대한민국 부산광역시 동구 중앙대로214번길 3-8",
        "rating": 4.1,
        "lat": 35.116595,
        "lng": 129.0414111,
        "operating_time": {
            "월요일": "오전 9:00 ~ 오후 8:30",
            "화요일": "오전 9:00 ~ 오후 8:30",
            "수요일": "오전 9:00 ~ 오후 8:30",
            "목요일": "오전 9:00 ~ 오후 8:30",
            "금요일": "오전 9:00 ~ 오후 8:30",
            "토요일": "오전 9:00 ~ 오후 8:30",
            "일요일": "오전 9:00 ~ 오후 8:30"
        },
        "tel": "051-441-2946",
        "image": "https://maps.googleapis.com/maps/api/place/photo?key=AIzaSyB_xHRmY9pPWr9b6Big-8EmQLeGofecec0&photoreference=ATplDJZt-i8gfokoT0PpTOhHb7JxBMuCbi3mdLjR2MVZQOqwao1Y0AnlZxnGQYtCuiI1NKjd39tgFTPmuG44HARw3_V77ugtdy-Uh6KgNVY38q-bPLifJFYpTp13YZOfAdu9Ji0yGJx6mM-S5TlHA8DLSQE-hKPnEGcle8WhQsluEGBTPw3_&maxwidth=400"
    },
    {
        "restaurant": "와룽자야",
        "address": "대한민국 부산광역시 중구 광복로49번길 4",
        "rating": 4.6,
        "lat": 35.0995141,
        "lng": 129.0306909,
        "operating_time": {
            "월요일": "오전 11:00 ~ 오후 10:00",
            "화요일": "오전 12:00 ~ 오후 10:00",
            "수요일": "오전 10:30 ~ 오후 10:00",
            "목요일": "오전 12:00 ~ 오후 10:00",
            "금요일": "오전 11:00 ~ 오후 10:00",
            "토요일": "오전 10:30 ~ 오후 10:00",
            "일요일": "오전 10:30 ~ 오후 10:00"
        },
        "tel": "010-8586-0956",
        "image": "https://maps.googleapis.com/maps/api/place/photo?key=AIzaSyB_xHRmY9pPWr9b6Big-8EmQLeGofecec0&photoreference=ATplDJZ2fF5CpQ5JkwfKUw6DUQgPPA48pA4mhAa_zYL_YxRyoOI0vfsq4M4ZPe61e8nYsqpjvyz97bC5rOalA3O0z4Eje5WoSpnN6mahb8tErBTc86sLmuitREYbaEOiQCHLVzTecOIETe_Vx3KnWRW8zXX33BPcCN25zf8G6TqQfoo14BnT&maxwidth=400"
    },
    {
        "restaurant": "부산명물횟집",
        "address": "대한민국 부산광역시 중구 자갈치해안로 55-1",
        "rating": 4,
        "lat": 35.0971327,
        "lng": 129.0312082,
        "operating_time": {
            "월요일": "오전 10:30 ~ 오후 9:30",
            "화요일": "오전 10:30 ~ 오후 9:30",
            "수요일": "오전 10:30 ~ 오후 9:30",
            "목요일": "오전 10:30 ~ 오후 9:30",
            "금요일": "오전 10:30 ~ 오후 9:30",
            "토요일": "오전 10:30 ~ 오후 9:30",
            "일요일": "오전 10:30 ~ 오후 9:30"
        },
        "tel": "051-245-7617",
        "image": "https://maps.googleapis.com/maps/api/place/photo?key=AIzaSyB_xHRmY9pPWr9b6Big-8EmQLeGofecec0&photoreference=ATplDJZFAauFQbbC9jqJ3EBPfnsLHAsEFLcHMe6UoLutpb44O1_Ftthhm7ZfCp_5w3i4J4fB6_-44EI7kCIgqx2x911N-IdaslzNOw1uCmAbyxUd-XLkmuU6blDeGMA5YWTH18fTPhovPhSgwt3nLOVKZ7Ss2PsE47uedqIiIAndaFm4-IE1&maxwidth=400"
    }
]