[
    {
        "restaurant": "Black pig restaurant",
        "address": "대한민국 제주특별자치도 제주시 용담1동 189-11",
        "rating": 3.5,
        "lat": 33.5042058,
        "lng": 126.5128859,
        "operating_time": {
            "월요일": "오후 12:00~10:00",
            "화요일": "오후 12:00~10:00",
            "수요일": "오후 12:00~10:00",
            "목요일": "오후 12:00~10:00",
            "금요일": "오후 12:00~10:00",
            "토요일": "오후 12:00~10:00",
            "일요일": "오후 12:00~10:00"
        },
        "tel": "전화번호를 제공하지 않는 음식점입니다",
        "image": "https://maps.googleapis.com/maps/api/place/photo?key=AIzaSyDZr515VyCFDQcKaPI3tbBYKKAkAw281Q4&photoreference=ATplDJbmBi6leLdhB3OHFcTHQLxodgWmZ7Nnn-yxlumwSmCIaYemHJDpmD3x2a1kKu6NuyYbJG4w52RZiWqYQByzJNKXR1IJoFuenpwiVgSx4kp5r7ZA3UMXsJ4drsm97XKpFyT1e4jmwH_CTSqci-1ejx70HL5vHmx8gICvegqSDk6nEbR1&maxwidth=400"
    },
    {
        "restaurant": "마초그릴",
        "address": "대한민국 제주특별자치도 제주시 중앙로 39",
        "rating": 4.6,
        "lat": 33.5147489,
        "lng": 126.5249779,
        "operating_time": {
            "월요일": "휴무일",
            "화요일": "오전 11:30 ~ 오후 3:00, 오후 5:00~10:00",
            "수요일": "오전 11:30 ~ 오후 3:00, 오후 5:00~10:00",
            "목요일": "오전 11:30 ~ 오후 3:00, 오후 5:00~10:00",
            "금요일": "오전 11:30 ~ 오후 3:00, 오후 5:00~10:00",
            "토요일": "오전 11:30 ~ 오후 3:00, 오후 5:00~10:00",
            "일요일": "오전 11:30 ~ 오후 3:00, 오후 5:00~10:00"
        },
        "tel": "010-8369-8811",
        "image": "https://maps.googleapis.com/maps/api/place/photo?key=AIzaSyDZr515VyCFDQcKaPI3tbBYKKAkAw281Q4&photoreference=ATplDJbtAO1X2yTvlnQyqBIppMEKx6zImYoybiwR6xLZnYv_UGc6i5m59nV4FUq3UG3t_5ruxDRefiiAuFkG0wynKwGih3RqcmP5t_1xcDqytKMg2cD30gSjduznK6GHYFggYCdTYhZXV1d7nEuIkTbSQuZFRdNm_0DsR15YqINiXWqmDsjy&maxwidth=400"
    },
    {
        "restaurant": "칠돈가",
        "address": "대한민국 제주특별자치도 제주시 용담이동 2695-4",
        "rating": 4.6,
        "lat": 33.5024224,
        "lng": 126.5107738,
        "operating_time": {
            "월요일": "오전 11:30 ~ 오후 10:00",
            "화요일": "오전 11:30 ~ 오후 10:00",
            "수요일": "오전 11:30 ~ 오후 10:00",
            "목요일": "오전 11:30 ~ 오후 10:00",
            "금요일": "오전 11:30 ~ 오후 10:00",
            "토요일": "오전 11:30 ~ 오후 10:00",
            "일요일": "오전 11:30 ~ 오후 10:00"
        },
        "tel": "전화번호를 제공하지 않는 음식점입니다",
        "image": "https://maps.googleapis.com/maps/api/place/photo?key=AIzaSyDZr515VyCFDQcKaPI3tbBYKKAkAw281Q4&photoreference=ATplDJbQ6RR3T_539o4tZdhUj9sMAN_7KQinrWcK9sM36bi8G_zj50Q2tyYRc5jc68Mk5eNNKcbPCfVvs9RKoVIvQ18j18ayVpZNKcaYTrCRCpqc8bxfHOlhJwx0-K527NRDP425vNREp8opjDHv6AU-xhNI-D4I2wu5gitGQzJMr-R7T6_q&maxwidth=400"
    },
    {
        "restaurant": "Beef Soup restaurant",
        "address": "대한민국 제주특별자치도 제주시 삼도2동 남성로25길 16",
        "rating": 5,
        "lat": 33.5102898,
        "lng": 126.5231627,
        "operating_time": "운영 시간을 제공하지 않는 음식점입니다",
        "tel": "064-722-0170",
        "image": "https://maps.googleapis.com/maps/api/place/photo?key=AIzaSyDZr515VyCFDQcKaPI3tbBYKKAkAw281Q4&photoreference=ATplDJbY3t0ko86_Mgls-VpZocPMfvJFaXnDcpWtEt-79pIzLdPg_xcJ7_QEXC9EKsEfYdoLduqrnt8mlKpI-ffNPbsfNSVA_p1SBA3UYlSc2BJCQGsO4GF45CLX2z4bL6sDNnbqS0FcSiTVNwk3P6oU_IvdLPsDxtJRns0bbgmwkxfV6Kqe&maxwidth=400"
    },
    {
        "restaurant": "마운트 에베레세트 레스토랑",
        "address": "대한민국 제주특별자치도 제주시 중앙로7길 9",
        "rating": 4.7,
        "lat": 33.5150026,
        "lng": 126.5258406,
        "operating_time": {
            "월요일": "오전 11:00 ~ 오후 11:00",
            "화요일": "오전 11:00 ~ 오후 11:00",
            "수요일": "오전 11:00 ~ 오후 11:00",
            "목요일": "오전 11:00 ~ 오후 11:00",
            "금요일": "오전 11:00 ~ 오후 11:00",
            "토요일": "오전 11:00 ~ 오후 11:00",
            "일요일": "오전 11:00 ~ 오후 11:00"
        },
        "tel": "064-900-3155",
        "image": "https://maps.googleapis.com/maps/api/place/photo?key=AIzaSyDZr515VyCFDQcKaPI3tbBYKKAkAw281Q4&photoreference=ATplDJbkXmp3DAa0dwPuoaC1PQpNmoFjuA3cw1t-SgFjd5Y6V36gJmCy9C5QkJT8ZZBDoB6fZosBf8Ufb-zgbbjkR1CKb5kQooemXnghxZAXeV9iZQ7kohFVOt48-GRl4vTurF8xthRToMoe6nWsKbNUgtm5hCVCxLJmi0d4ARw00vyClUAc&maxwidth=400"
    },
    {
        "restaurant": "와르다레스토랑",
        "address": "대한민국 제주특별자치도 제주시 관덕로8길 24-1",
        "rating": 4.6,
        "lat": 33.5110433,
        "lng": 126.5231167,
        "operating_time": {
            "월요일": "오후 12:00~4:00, 오후 5:00~10:00",
            "화요일": "오후 12:00~4:00, 오후 5:00~10:00",
            "수요일": "오후 12:00~4:00, 오후 5:00~10:00",
            "목요일": "오후 12:00~4:00, 오후 5:00~10:00",
            "금요일": "오후 12:00~4:00, 오후 5:00~10:00",
            "토요일": "오후 12:00~4:00, 오후 5:00~10:00",
            "일요일": "휴무일"
        },
        "tel": "050-71417-1470",
        "image": "https://maps.googleapis.com/maps/api/place/photo?key=AIzaSyDZr515VyCFDQcKaPI3tbBYKKAkAw281Q4&photoreference=ATplDJb0AcoOL6ef0MI7gmJx7ftKM04p8ZaxTvUpCgw7VoIhwCmPJTP38cHs9fE4zP2UGfh_qytomoST61GCFqGmm7d6zaI1kXX8J9jOkUnw9w1PHL6TmSwMQrGspS9NJgBU10ghPHdsMSh1veC_tjaVV2GuLXrYInhfUNnZl4RiHgZMAYxN&maxwidth=400"
    },
    {
        "restaurant": "테이스트제주",
        "address": "대한민국 제주특별자치도 제주시 탑동로 115-2",
        "rating": 4.6,
        "lat": 33.5149159,
        "lng": 126.517884,
        "operating_time": {
            "월요일": "오후 2:00~8:00",
            "화요일": "오후 2:00~8:00",
            "수요일": "오후 2:00~8:00",
            "목요일": "오후 2:00~8:00",
            "금요일": "오후 2:00~8:00",
            "토요일": "오후 2:00~8:00",
            "일요일": "오후 2:00~8:00"
        },
        "tel": "064-751-7809",
        "image": "https://maps.googleapis.com/maps/api/place/photo?key=AIzaSyDZr515VyCFDQcKaPI3tbBYKKAkAw281Q4&photoreference=ATplDJYE5TVdr6NDsolPrsUHk10iF9EOjmJEMyW9QMijPZU3QRgVoc0h7xBTEvZcdi1pok7mAKsTEACz41JEcZcCnbszTSzE6bwSgCNckd0uMcxRXlWuz8VRdrFWu1coRHSEYsz485j0KhsLvsGEgJGYebHLPBrOFCwhvh4ov05T7oXllADv&maxwidth=400"
    },
    {
        "restaurant": "Korean restaurant",
        "address": "대한민국 제주특별자치도 제주시 일도일동 1346",
        "rating": 0,
        "lat": 33.5139619,
        "lng": 126.5257363,
        "operating_time": "운영 시간을 제공하지 않는 음식점입니다",
        "tel": "전화번호를 제공하지 않는 음식점입니다",
        "image": "https://maps.googleapis.com/maps/api/place/photo?key=AIzaSyDZr515VyCFDQcKaPI3tbBYKKAkAw281Q4&photoreference=ATplDJbBVLbry5d44EXhxE_ZVrfxQ_6OGgSo_l0XvHJUgLhlw1OftYVNn0bny8YmrTusj5MOlfXRJsXMLa5bWqAKOV_wzOMTIBhc-i_RkDOe-I3O_F82S4hSkgzHUgoqHj9ZoCMBkx4HeJKcX8gznJ6W7v3O4I32Ml0iEIbI5pFywMP1ezLX&maxwidth=400"
    },
    {
        "restaurant": "고집돌우럭 제주공항점",
        "address": "대한민국 제주특별자치도 제주시 특별자치도, 임항로 30",
        "rating": 4.5,
        "lat": 33.5163089,
        "lng": 126.528071,
        "operating_time": {
            "월요일": "오전 10:00 ~ 오후 2:50, 오후 5:00~9:30",
            "화요일": "오전 10:00 ~ 오후 2:50, 오후 5:00~9:30",
            "수요일": "오전 10:00 ~ 오후 2:50, 오후 5:00~9:30",
            "목요일": "오전 10:00 ~ 오후 2:50, 오후 5:00~9:30",
            "금요일": "오전 10:00 ~ 오후 2:50, 오후 5:00~9:30",
            "토요일": "오전 10:00 ~ 오후 2:50, 오후 5:00~9:30",
            "일요일": "오전 10:00 ~ 오후 2:50, 오후 5:00~9:30"
        },
        "tel": "050-71436-1008",
        "image": "https://maps.googleapis.com/maps/api/place/photo?key=AIzaSyDZr515VyCFDQcKaPI3tbBYKKAkAw281Q4&photoreference=ATplDJa0235vqUoJ8EmXONDDsm-FjWg_lTpr8t1YyVLple_8cI9x8yBwQHMqI4AdeP2pCJSS2uHMY8ag9-qBEoODeSZGMkFKaRX0wvHIGKECOAOl5Ul4xGjTZOlqJhUsfabmCRz9i2oEBrLUkAV4qGNJCsYxp2Zei3_mN2gM1o0_h0JE4jLe&maxwidth=400"
    },
    {
        "restaurant": "Restaurant",
        "address": "대한민국 제주특별자치도 제주시 이도2동 1768-22",
        "rating": 0,
        "lat": 33.498759,
        "lng": 126.5302258,
        "operating_time": {
            "월요일": "오전 11:00 ~ 오후 7:00",
            "화요일": "오전 11:30 ~ 오후 9:30",
            "수요일": "오전 11:30 ~ 오후 9:30",
            "목요일": "오전 11:30 ~ 오후 9:30",
            "금요일": "오전 11:30 ~ 오후 9:30",
            "토요일": "오전 11:30 ~ 오후 9:30",
            "일요일": "오전 11:30 ~ 오후 9:30"
        },
        "tel": "064-752-0018",
        "image": "사진을 제공하지 않는 음식점 입니다"
    },
    {
        "restaurant": "제주 아살람레스토랑 مطعم السلام‎",
        "address": "대한민국 제주특별자치도 제주시 특별자치도, 삼도2동 1-2 KR",
        "rating": 4.8,
        "lat": 33.5165402,
        "lng": 126.524197,
        "operating_time": {
            "월요일": "오후 12:00~3:00, 오후 5:00~10:00",
            "화요일": "오후 12:00~3:00, 오후 5:00~10:00",
            "수요일": "휴무일",
            "목요일": "오후 12:00~3:00, 오후 5:00~10:00",
            "금요일": "오후 12:00~3:00, 오후 5:00~10:00",
            "토요일": "오후 12:00~3:00, 오후 5:00~10:00",
            "일요일": "오후 12:00~3:00, 오후 5:00~10:00"
        },
        "tel": "064-751-1225",
        "image": "https://maps.googleapis.com/maps/api/place/photo?key=AIzaSyDZr515VyCFDQcKaPI3tbBYKKAkAw281Q4&photoreference=ATplDJYoltJ0jOUcHXZoriOAKhbcYiX-5y-un61S74BMNa_mOnT-FqFqiOlExm3cWXCJDOuxeUQH73RAmjY8NWcMwc3qS42d3V0ItHX13WmmHhJqPWAZcuaLQg8mkYAAk_IuAUJTVlE5YAklQS4N4skcbxZEcNwujliWC0r0ZuFZLjY62b1T&maxwidth=400"
    },
    {
        "restaurant": "골목식당",
        "address": "대한민국 제주특별자치도 제주시 이도1동 1347-1",
        "rating": 4.3,
        "lat": 33.511791,
        "lng": 126.5249947,
        "operating_time": {
            "월요일": "오전 10:00 ~ 오후 8:00",
            "화요일": "오전 10:00 ~ 오후 8:00",
            "수요일": "오전 10:00 ~ 오후 8:00",
            "목요일": "오전 10:00 ~ 오후 8:00",
            "금요일": "오전 10:00 ~ 오후 8:00",
            "토요일": "오전 10:00 ~ 오후 8:00",
            "일요일": "오전 10:00 ~ 오후 8:00"
        },
        "tel": "064-757-4890",
        "image": "https://maps.googleapis.com/maps/api/place/photo?key=AIzaSyDZr515VyCFDQcKaPI3tbBYKKAkAw281Q4&photoreference=ATplDJY3HNtoZPal3NrI89iRe9A3z9CP1uQWOn-VOrZUpdPcG_0OkJqghvNcsmo5IVXuO0rl1Wr2XfSyJwpZ_7Hf6BpODlryiyiJJSeArL40ypL3sCB3Zp6w6I6-fJ4zCbXWP5XyHMJ9thv9wxnw0qJnaT_VGccztaOeEcezKEvuF9cJLzDS&maxwidth=400"
    },
    {
        "restaurant": "유리네식당",
        "address": "대한민국 제주특별자치도 제주시 특별자치도, 연북로 146",
        "rating": 3.7,
        "lat": 33.4814162,
        "lng": 126.4971265,
        "operating_time": {
            "월요일": "오전 9:00 ~ 오후 9:00",
            "화요일": "오전 9:00 ~ 오후 9:00",
            "수요일": "오전 9:00 ~ 오후 9:00",
            "목요일": "오전 9:00 ~ 오후 9:00",
            "금요일": "오전 9:00 ~ 오후 9:00",
            "토요일": "오전 9:00 ~ 오후 9:00",
            "일요일": "오전 9:00 ~ 오후 9:00"
        },
        "tel": "064-748-0890",
        "image": "https://maps.googleapis.com/maps/api/place/photo?key=AIzaSyDZr515VyCFDQcKaPI3tbBYKKAkAw281Q4&photoreference=ATplDJZKyu5zN2DWBK0Ksbl0TQgnIG56e7jq1YD30f2rhBnWqxkTa9dP9rm5XaOaD-44K5zx-lUH6e_mFNRqWqaJ0XZlOB7Yrx9kpsiZSYJfRa7uHo_7uTxis_GUGKKPyKTVByLrLLO7ypaB-VcBNOvMGXV7UemyPZXGPWCNyF1CtQJthTgY&maxwidth=400"
    },
    {
        "restaurant": "중종 제주 흑돼지",
        "address": "대한민국 제주특별자치도 제주시 특별자치도, 연오로 39",
        "rating": 4.6,
        "lat": 33.4897266,
        "lng": 126.5020286,
        "operating_time": {
            "월요일": "오전 11:00 ~ 오후 3:00, 오후 5:00~10:30",
            "화요일": "오전 11:00 ~ 오후 3:00, 오후 5:00~10:30",
            "수요일": "오전 11:00 ~ 오후 3:00, 오후 5:00~10:30",
            "목요일": "오전 11:00 ~ 오후 3:00, 오후 5:00~10:30",
            "금요일": "오전 11:00 ~ 오후 3:00, 오후 5:00~10:30",
            "토요일": "오후 12:00~10:30",
            "일요일": "오후 12:00~10:30"
        },
        "tel": "064-745-8688",
        "image": "https://maps.googleapis.com/maps/api/place/photo?key=AIzaSyDZr515VyCFDQcKaPI3tbBYKKAkAw281Q4&photoreference=ATplDJYuDtVs0uzmP4OorRPdSj2j4OpZ9vZvuMUcqlHZNrhWMUhsZ0yyvTYG8pUogbkD13u4SgRwfbXFUI8ZV07gWFK9joFaXk0eBufN9H99_vYvXQr-hnt0BrE8X66SFQ3DdIbsW7v-pa2-ToJiiwEzC2yRLAhfVEawDhz3lsKwlkkS6mCl&maxwidth=400"
    },
    {
        "restaurant": "관덕루 중국집 중화요리",
        "address": "대한민국 제주특별자치도 제주시 삼도이동 95",
        "rating": 4.2,
        "lat": 33.5129294,
        "lng": 126.5232121,
        "operating_time": {
            "월요일": "휴무일",
            "화요일": "오전 11:00 ~ 오후 9:00",
            "수요일": "오전 11:00 ~ 오후 9:00",
            "목요일": "오전 11:00 ~ 오후 9:00",
            "금요일": "오전 11:00 ~ 오후 9:00",
            "토요일": "오전 11:00 ~ 오후 9:00",
            "일요일": "오전 11:00 ~ 오후 9:00"
        },
        "tel": "064-724-8688",
        "image": "https://maps.googleapis.com/maps/api/place/photo?key=AIzaSyDZr515VyCFDQcKaPI3tbBYKKAkAw281Q4&photoreference=ATplDJbdyXgGDrpTQeziFXkvNl1T-y99KVtkklKzju9ujnj8uWRfF_n2a-RqgaBh_X7XTEiqjxV425X8xgZKO-4TOOoeibuA5f6h6xzaeKn4LmZ1cZRd5-Yy0oBDKwFqWVODLrHPy58MZDbYCo4xriCeulPN3xAc4Tcoik56krXLylRT8Ddk&maxwidth=400"
    },
    {
        "restaurant": "양씨네 제주전복칼국수 본점",
        "address": "대한민국 제주특별자치도 제주시 관덕로13길 10-1 1층",
        "rating": 4.8,
        "lat": 33.5139043,
        "lng": 126.5260981,
        "operating_time": {
            "월요일": "오전 8:00 ~ 오후 9:00",
            "화요일": "오전 8:00 ~ 오후 9:00",
            "수요일": "오전 8:00 ~ 오후 9:00",
            "목요일": "오전 8:00 ~ 오후 9:00",
            "금요일": "오전 8:00 ~ 오후 9:00",
            "토요일": "오전 8:00 ~ 오후 9:00",
            "일요일": "오전 8:00 ~ 오후 9:00"
        },
        "tel": "064-721-1588",
        "image": "https://maps.googleapis.com/maps/api/place/photo?key=AIzaSyDZr515VyCFDQcKaPI3tbBYKKAkAw281Q4&photoreference=ATplDJYDG34U1UCt5k7A09mno1-WXH4gLdHoTgzk6M6-SeIHNTxKuE5DfPhcfTrZa35VxXYvtplSCwyHgjH4o6IdY3CzLj6sOGrxOFb8nWn6Lm5fC_XsSwYa-lMY_cE7LZB5zdcwsv0TIlG0nHrFbw-1R_Pp1v5MBdg4_jnKCScD8IaH4uxL&maxwidth=400"
    }
]