[
    {
        "attraction": "七八郎池",
        "address": "2 Chome-11 Yayoi, Bunkyo City",
        "rating": 5,
        "lat": 35.7161013,
        "lng": 139.7635318,
        "operating_time": "운영시간을 제공하지 않는 장소입니다",
        "image": "https://maps.googleapis.com/maps/api/place/photo?key=AIzaSyBMpSPfY-brXtLzGQNDvnsJyf-r61u-H6k&photoreference=AWU5eFinkylAnLcVN0XSl0p6frRBQjG4UnfYaoS3_zp1k3GqsQVSnb32ddxTMer68N8Xuk7lsMP6TusomzIryeKjSiC1pQ94Rd968OneWb6Ckrus6ZOHT74L86MKfZgUGqP_qogNKiY7ZgbgkRmmIfN1fCKB6t34FkElz4y4y228G6nGOozJ&maxwidth=400"
    },
    {
        "attraction": "롯폰기 힐즈 일루미네이션",
        "address": "6 Chome-12 Roppongi, Minato City",
        "rating": 4.7,
        "lat": 35.6592143,
        "lng": 139.7301598,
        "operating_time": "운영시간을 제공하지 않는 장소입니다",
        "image": "https://maps.googleapis.com/maps/api/place/photo?key=AIzaSyBMpSPfY-brXtLzGQNDvnsJyf-r61u-H6k&photoreference=AWU5eFja02ntfnAhvlA2IjU4ugqM_47WBuA-sOQ5vi14EfHa4RzeXxLSjx6lHHV08OK4_HRLAuX7-jHaoJpzkcx-pzdI8-2qBjFz83ubdqzscn6firDe8cevMhFYTyKiDAJN_19OiY4lC443eL103iuwbOzkWyT2bLMnr1poXirtl96fzkp2&maxwidth=400"
    },
    {
        "attraction": "실물크기 유니콘 건담",
        "address": "Koto City, Aomi, 1 Chome−1−10 ダイバーシティ東京プラザ内 2Fフェスティバル広場",
        "rating": 4.6,
        "lat": 35.624451,
        "lng": 139.7754917,
        "operating_time": [
            "월요일: 24시간 영업",
            "화요일: 24시간 영업",
            "수요일: 24시간 영업",
            "목요일: 24시간 영업",
            "금요일: 24시간 영업",
            "토요일: 24시간 영업",
            "일요일: 24시간 영업"
        ],
        "image": "https://maps.googleapis.com/maps/api/place/photo?key=AIzaSyBMpSPfY-brXtLzGQNDvnsJyf-r61u-H6k&photoreference=AWU5eFhNjQbJinipMUJ0j5C6Imvpk1XYyC9vJkQcR3m8m8axF1Zpd3j8wEf-jP3-u42RDgNhK1uGNk8TjlegbcpgipCu81PWSEg5blEPgs1qgl6evYEqH9eZS-L8gXNDF5TvnJpkoPwRRbLc2FoVFlNflwO3AHrdmup-BOS11tnmZ2QVNK8C&maxwidth=400"
    },
    {
        "attraction": "오다이바 자유의 여신상",
        "address": "1 Chome-4-2 Daiba, Minato City",
        "rating": 4.5,
        "lat": 35.6278727,
        "lng": 139.7718346,
        "operating_time": [
            "월요일: 24시간 영업",
            "화요일: 24시간 영업",
            "수요일: 24시간 영업",
            "목요일: 24시간 영업",
            "금요일: 24시간 영업",
            "토요일: 24시간 영업",
            "일요일: 24시간 영업"
        ],
        "image": "https://maps.googleapis.com/maps/api/place/photo?key=AIzaSyBMpSPfY-brXtLzGQNDvnsJyf-r61u-H6k&photoreference=AWU5eFjgrdp9AoxUazqCCFHj8sQARFkyZQiMwELeKlsBpaz3gxZC_VNVat0qS0571EMFMpQcsEsGJERwB_6xLV9nCHQgTxaa436cf83zDBhQJTP1UzNBcTCvBKLbz4888Ox4oCOfu0PD4rY7PGtg0Z5avbsc-71UzMGXRokY92s89Y4Zng96&maxwidth=400"
    },
    {
        "attraction": "Sakura Street (Shibuya)",
        "address": "16-12 Sakuragaokacho, Shibuya City",
        "rating": 4.5,
        "lat": 35.6569039,
        "lng": 139.7010212,
        "operating_time": [
            "월요일: 24시간 영업",
            "화요일: 24시간 영업",
            "수요일: 24시간 영업",
            "목요일: 24시간 영업",
            "금요일: 24시간 영업",
            "토요일: 24시간 영업",
            "일요일: 24시간 영업"
        ],
        "image": "https://maps.googleapis.com/maps/api/place/photo?key=AIzaSyBMpSPfY-brXtLzGQNDvnsJyf-r61u-H6k&photoreference=AWU5eFgx3Nhu25LMySRJQiOG_2hVSPbeDeE4LTHnpHjk1yqkoYztkNu17Id7ui-FtRr3-EqDTt4wKk5saZD-T49bmsOJTW70u2OhYT-V4OuMNUFMpNomr5SAdIlez5HIfpn7q_PJxOfzM1W8wUVsFWIeWxFu2PPmDKQvVm8Ib7imktZnn6XO&maxwidth=400"
    },
    {
        "attraction": "토호빌딩 고질라",
        "address": "1 Chome-19 Kabukicho, Shinjuku City",
        "rating": 4.4,
        "lat": 35.6950521,
        "lng": 139.7019117,
        "operating_time": "운영시간을 제공하지 않는 장소입니다",
        "image": "https://maps.googleapis.com/maps/api/place/photo?key=AIzaSyBMpSPfY-brXtLzGQNDvnsJyf-r61u-H6k&photoreference=AWU5eFjNvhlwEHmA70XDMZTChwihgkQbkkRZmHtAnTFURQvkdAhbNVrX0-lKAQmQW67L26xci_8S3vwifpyiu6U_Tb6eIZGFkVgGsIXIiQ-y5oaKtDy5Te7RFXemHQaZ8juMWDtqJNVtT8Wbw4BBRjGeT7m99ynpWpucx9whct6PSgIheSFt&maxwidth=400"
    },
    {
        "attraction": "深川資料館通り",
        "address": "Fukagawashiryokan-dori St, 1 Chome-3 Shirakawa, Koto City",
        "rating": 4.3,
        "lat": 35.6807913,
        "lng": 139.8002986,
        "operating_time": "운영시간을 제공하지 않는 장소입니다",
        "image": "https://maps.googleapis.com/maps/api/place/photo?key=AIzaSyBMpSPfY-brXtLzGQNDvnsJyf-r61u-H6k&photoreference=AWU5eFi7Gg8jGDB7QVI99eipATzNe3XYAHCSvFzwIztgbPwyjvlHDuN8cJK7bgDEATKti4yI_cC_95CpVQYhUondEuEqRphAFj1o68_I1hHwVLaKfAmBCNe4mDJgpbego0e1bJ3skK3tIBVNHOSCM1wlsOCPQgRi636OPspoE4ZG_SKTR1eT&maxwidth=400"
    },
    {
        "attraction": "汐留川水門",
        "address": "1 Hamarikyuteien, Chuo City",
        "rating": 4.3,
        "lat": 35.6565014,
        "lng": 139.7640604,
        "operating_time": [
            "월요일: 24시간 영업",
            "화요일: 24시간 영업",
            "수요일: 24시간 영업",
            "목요일: 24시간 영업",
            "금요일: 24시간 영업",
            "토요일: 24시간 영업",
            "일요일: 24시간 영업"
        ],
        "image": "https://maps.googleapis.com/maps/api/place/photo?key=AIzaSyBMpSPfY-brXtLzGQNDvnsJyf-r61u-H6k&photoreference=AWU5eFheHUdZJkhis2ZH9r_i332xqUmja_pDj4CKFsJoK91hhEi7As2_j7YaD1k3W7UDK_YaKjZNnBzJ45iveG9aJ9dt9JTsDYei-w_AgWSvYW1VCkQ8irFWv4ULM3t_4GjP2HkuiCpi5dOAPgSgKQHGFlZXTWKgQ4-sUM--OOc5BCh_xwUB&maxwidth=400"
    },
    {
        "attraction": "Park View Garden",
        "address": "1 Chome-1 Yurakucho, Chiyoda City",
        "rating": 4.2,
        "lat": 35.6735615,
        "lng": 139.7586538,
        "operating_time": "운영시간을 제공하지 않는 장소입니다",
        "image": "https://maps.googleapis.com/maps/api/place/photo?key=AIzaSyBMpSPfY-brXtLzGQNDvnsJyf-r61u-H6k&photoreference=AWU5eFgR7fmDMdkI9iue_987qqJ0usJXy0QwD6T0vCe75BB1NRMdYv0Dtz7bB9Tmr5g2E8RCMkkQiR-A_z8Gt3HhyATLS_kUTPX2KO4jRtQZXgseySQPeNe4KdglcQ8ftTJf4r-GpE1n-URiWb50YX5V5x755qn_mMDY6F68TNFsDkW6wv_q&maxwidth=400"
    },
    {
        "attraction": "오모이데요코초",
        "address": "1 Chome-2 Nishishinjuku, Shinjuku City",
        "rating": 4.1,
        "lat": 35.6929614,
        "lng": 139.6995724,
        "operating_time": [
            "월요일: 24시간 영업",
            "화요일: 24시간 영업",
            "수요일: 24시간 영업",
            "목요일: 24시간 영업",
            "금요일: 24시간 영업",
            "토요일: 24시간 영업",
            "일요일: 24시간 영업"
        ],
        "image": "https://maps.googleapis.com/maps/api/place/photo?key=AIzaSyBMpSPfY-brXtLzGQNDvnsJyf-r61u-H6k&photoreference=AWU5eFjn_C95iIriUZyNwka0gS7zjSIrCLbqGXj9fj3vETEvBYVLtNKDhciud_IS1N6TV-tzgYv7pmiPoaz1QTUkpxUllTG2qZ6Egb9b367WLK_IhkmRjwjh9NSyCwOcXORpgc3PFVcCW_WnGUtRTm4Y9kVqcrdyXFgICWsr3lF1AN-0GY2K&maxwidth=400"
    },
    {
        "attraction": "Orange Street",
        "address": "1 Chome-21-6 Asakusa, Taito City",
        "rating": 4.1,
        "lat": 35.7119604,
        "lng": 139.7947951,
        "operating_time": "운영시간을 제공하지 않는 장소입니다",
        "image": "https://maps.googleapis.com/maps/api/place/photo?key=AIzaSyBMpSPfY-brXtLzGQNDvnsJyf-r61u-H6k&photoreference=AWU5eFjH31JAZpiXlLWLJ-D_tIrkFUPd_NLwA8MR19IbWe6NGefz3q9XFc9gRDeRw6kY9D7botnJGi37gKwTDPl8gjc7zIRV3leOf8OAFdEVwxgJZ7nQ6MFkoJBVJ7G64ijFPrx7yh_WWeJVmMiSQ3hov_a5JYuRVshCjmWHUzPlCcK8mESQ&maxwidth=400"
    },
    {
        "attraction": "思い出ベンチ",
        "address": "1, Hibiyakoen, Chiyoda City",
        "rating": 4,
        "lat": 35.6729416,
        "lng": 139.7569932,
        "operating_time": "운영시간을 제공하지 않는 장소입니다",
        "image": "https://maps.googleapis.com/maps/api/place/photo?key=AIzaSyBMpSPfY-brXtLzGQNDvnsJyf-r61u-H6k&photoreference=AWU5eFjIHBlp15KWZyFAPo_WtxlOFUZyj77drK73NCfnB6I2XqHTvtufJu3SLLF0qGnM_HCYBHmK8R_-O-BFI33CPxrriaz8Yk7w5T_2TLe_bc5_3lyjbfOLeX_ZpnOmj_aqGCCjU8IeIIzvJ31Q1RXxueg_qBXlbnst3bCA8al9cCxm8OVQ&maxwidth=400"
    },
    {
        "attraction": "Tokyo Downtown Ginza Scramble Crossing",
        "address": "Nishiginza St, 4 Chome Ginza, Chuo City",
        "rating": 4,
        "lat": 35.6725543,
        "lng": 139.763277,
        "operating_time": "운영시간을 제공하지 않는 장소입니다",
        "image": "https://maps.googleapis.com/maps/api/place/photo?key=AIzaSyBMpSPfY-brXtLzGQNDvnsJyf-r61u-H6k&photoreference=AWU5eFi_vmY9mmoqgdfeV6mSyAIFp_Dj1lPDD_ES1yMmsfxGhLjFF1vg8CmFnv7PS12GD3yTpafhmFA6Gk59qCWO-RGVgI36fJad7VntPVoY3BJf_Q-iEZqShCMRiRMt9wdFD-tV9SwC-AbzWq2uucpN9fPi70IoWRMlVQqq1DCjUjmM__VV&maxwidth=400"
    },
    {
        "attraction": "유야케 단단",
        "address": "3 Chome-14 Nishinippori, Arakawa City",
        "rating": 4,
        "lat": 35.7276466,
        "lng": 139.7670864,
        "operating_time": [
            "월요일: 24시간 영업",
            "화요일: 24시간 영업",
            "수요일: 24시간 영업",
            "목요일: 24시간 영업",
            "금요일: 24시간 영업",
            "토요일: 24시간 영업",
            "일요일: 24시간 영업"
        ],
        "image": "https://maps.googleapis.com/maps/api/place/photo?key=AIzaSyBMpSPfY-brXtLzGQNDvnsJyf-r61u-H6k&photoreference=AWU5eFhoXAN6MgcS32dlFaB1b_AkLl8nJIb9zV1gUZJDn1YbtCSrrFbHPSdhNdbFiNVGHmFDQ7Ci44j6lWwIygnAHo4LpaHVpAKB4HUqHfouKtPuPDa4PqZkH7CfdUf_TGPljfZZYcCrx-GpJyPMdTdYMOEN9oKktAOMboMZYGlPvhmLzOa-&maxwidth=400"
    },
    {
        "attraction": "모미지 폭포",
        "address": "4 Chome-3-25 Shibakoen, Minato City",
        "rating": 4,
        "lat": 35.6580922,
        "lng": 139.7461092,
        "operating_time": [
            "월요일: 24시간 영업",
            "화요일: 24시간 영업",
            "수요일: 24시간 영업",
            "목요일: 24시간 영업",
            "금요일: 24시간 영업",
            "토요일: 24시간 영업",
            "일요일: 24시간 영업"
        ],
        "image": "https://maps.googleapis.com/maps/api/place/photo?key=AIzaSyBMpSPfY-brXtLzGQNDvnsJyf-r61u-H6k&photoreference=AWU5eFh4uvv6unwmDxdzEJRENKD7nvHCa_XiOWRQKxP9--x30wkSW8iKC8fFzHudIjsloN731Rix4iFDqaLZGLbKSlBhIqchWXx8RxzbR4TTCraMM85YvJZ8L3JEPUu7s8iwxwu6F8zx-_AmTiyWcSZ4r6gMRkwxX7S40Y-HWECmaPuIkP9p&maxwidth=400"
    },
    {
        "attraction": "Akasaka Shiny Sign",
        "address": "5 Chome-4-5 Akasaka, Minato City",
        "rating": 4,
        "lat": 35.6726547,
        "lng": 139.7371962,
        "operating_time": "운영시간을 제공하지 않는 장소입니다",
        "image": "https://maps.googleapis.com/maps/api/place/photo?key=AIzaSyBMpSPfY-brXtLzGQNDvnsJyf-r61u-H6k&photoreference=AWU5eFiN7zlYNzyomNud_689u9NwM9qCkKKb5hkiAY2tzFihqf7Rml5Tbypgnt__VHPhFZuobQfJ1E7CdJ5JbECLQ-zBxQS1rI37LjpBDbf2G9g0NqtzQm7Qqn5FNy0c3__poFlgzO_UQKRq_behJvqiMw0lIHgeF6iLcnPdwHhnuVkuFGue&maxwidth=400"
    },
    {
        "attraction": "Hoppy Street ホッピー通り",
        "address": "Hoppy St, 2 Chome Asakusa, Taito City",
        "rating": 4,
        "lat": 35.713802,
        "lng": 139.7942136,
        "operating_time": "운영시간을 제공하지 않는 장소입니다",
        "image": "https://maps.googleapis.com/maps/api/place/photo?key=AIzaSyBMpSPfY-brXtLzGQNDvnsJyf-r61u-H6k&photoreference=AWU5eFgObvh12A8j4ON2t7r7Lh_SYrhlqtJRF6Ox5wawbqaRkzXo-om_G1mTWdAbGGdUQaDURwOo6HDLm2z-Y5632mlpKr9162Clj6zgeJz4n428mCktMcRLDcfmPm8K_TNllRpNkG4Y3DPDQY946nG4k8GVkCf3jqEZYrQXK_KfybsWKpq2&maxwidth=400"
    },
    {
        "attraction": "Bond Street",
        "address": "2 Chome-1 Higashishinagawa, Shinagawa City",
        "rating": 3.9,
        "lat": 35.622409,
        "lng": 139.7480021,
        "operating_time": [
            "월요일: 오전 11:00 ~ 오후 9:00",
            "화요일: 오전 11:00 ~ 오후 9:00",
            "수요일: 오전 11:00 ~ 오후 9:00",
            "목요일: 오전 11:00 ~ 오후 9:00",
            "금요일: 오전 11:00 ~ 오후 9:00",
            "토요일: 오전 11:00 ~ 오후 9:00",
            "일요일: 오전 11:00 ~ 오후 9:00"
        ],
        "image": "https://maps.googleapis.com/maps/api/place/photo?key=AIzaSyBMpSPfY-brXtLzGQNDvnsJyf-r61u-H6k&photoreference=AWU5eFj48BR0Oqmm1TK1vv6e92EWIJmVIkzOC7A-qR5BblG8WqeWayp0DKSecDQB7qRVxpWcuQZ971cN3rfT2DN4EprWSTfu4UVyBatMY_y6rNZ_1MnlFtg4Cb-X5VMTYS3PBGBDczr7mKkg7P75DyEz5wOLK3ciUssZZx5ejHxOTCZY1anA&maxwidth=400"
    },
    {
        "attraction": "고질라 상",
        "address": "1 Chome-3-2 Yurakucho, Chiyoda City",
        "rating": 3.8,
        "lat": 35.6736998,
        "lng": 139.7602977,
        "operating_time": [
            "월요일: 24시간 영업",
            "화요일: 24시간 영업",
            "수요일: 24시간 영업",
            "목요일: 24시간 영업",
            "금요일: 24시간 영업",
            "토요일: 24시간 영업",
            "일요일: 24시간 영업"
        ],
        "image": "https://maps.googleapis.com/maps/api/place/photo?key=AIzaSyBMpSPfY-brXtLzGQNDvnsJyf-r61u-H6k&photoreference=AWU5eFi085OvF5q9uR_tgQ_mUbHXHgT9D0FAiVA2-eTWWClx7sC53YpCCdUKggUMo4tO89JQNhLLIo8uGD7_BMd0-KFvcRV24tBCxhO1wL73xJEdcknEDsXgsixok_qGWnagIRNsUANAWZGTuNIzrh1R4p2g7bbwNpdyym3Yg-BuYe4wORw&maxwidth=400"
    },
    {
        "attraction": "Tokyo tour",
        "address": "Tokyo Koto Ku Ojima 6-1, 6 Chome-6-1016 Ojima",
        "rating": 0,
        "lat": 35.6868603,
        "lng": 139.8227402,
        "operating_time": "운영시간을 제공하지 않는 장소입니다",
        "image": "https://maps.googleapis.com/maps/api/place/photo?key=AIzaSyBMpSPfY-brXtLzGQNDvnsJyf-r61u-H6k&photoreference=AWU5eFhm9oMPgvNeqUOaQtfM3ZX0vrA2mqESM-YNeA3pXZ33q83QMzptNm2Wuqatv4Bl6SLYIEfAIl09hxSdzdoB1Gco4SWSi44MHCdWMQKZlCUrBKFw5ACRe7aFpjGyEQBu3CaKkwyImzz5x65KTaRLZfHLS9oj8vvWhDDpuTPvjfTHMnpQ&maxwidth=400"
    }
]