{
    "VX": "Aces",
    "2A": "Deutsche Bahn AG",
    "XQ": "Action Airlines",
    "2B": "Aerocondor Trans Aereos",
    "WZ": "Acvilla Air",
    "2D": "Denim Air",
    "ZY": "ADA Air",
    "2E": "Ireland Airways",
    "JP": "Adria Airways",
    "2F": "Frontier Flying Service",
    "7X": "Aea International Pte",
    "2G": "Debonair Airways",
    "EI": "AER Lingus Limited",
    "2H": "European Airlines",
    "E4": "Aero Asia International",
    "2J": "Air Burkina",
    "JR": "Aero California",
    "2K": "Kitty Hawk Airlines Inc",
    "N6": "Aero Continente",
    "2L": "Karlog Air",
    "ML": "Aero Costa Rica Acori",
    "2M": "Moldavian Airlines",
    "P4": "Aero Lineas Sosa",
    "2N": "Haiti Aviation",
    "YP": "Aero Lloyd Flugreisen",
    "2P": "Air Philippines Corp",
    "5R": "Aero Service",
    "2Q": "Millenium Air Corp",
    "W4": "Aero Services Executive",
    "2S": "Island Express",
    "Z9": "Aero Zambia",
    "2T": "Canada Three Thousand",
    "QA": "Aerocaribe",
    "2U": "Western Pacific Air",
    "2V": "Amtrak",
    "SX": "Aeroejecutivo SA de CV",
    "2W": "Pacific Midland Airlines",
    "SU": "Aeroflot Russian",
    "2Y": "Helenair Corporation Ltd",
    "FP": "Aeroleasing SA",
    "2Z": "Changan Airlines",
    "7E": "Aeroline Gmbh",
    "3A": "Mafira Air",
    "AR": "Aerolineas Argentinas",
    "3B": "Avior",
    "YU": "Aerolineas Dominicanas",
    "3C": "Corporate Express Airline",
    "N2": "Aerolineas Internacional",
    "3D": "Palair Macedonian Air",
    "A8": "Aerolineas Paraguayas",
    "3E": "Northwestern Air Lease",
    "EX": "Aerolineas Santo Domingo",
    "3H": "Air Inuit Ltd",
    "VW": "Aeromar Airlines",
    "3J": "Air Alliance",
    "AM": "Aeromexico",
    "3K": "Tatonduk Flying Service",
    "QO": "Aeromexpress",
    "3M": "Gulfstream International",
    "RE": "Aeronautica de Cancun",
    "3N": "Air Urga",
    "WL": "Aeroperlas",
    "3P": "Georgian Airlines",
    "PL": "Aeroperu",
    "3Q": "China Yunnan Airlines",
    "VH": "Aeropostal Alas",
    "3R": "Avia Air Nv",
    "P5": "Aerorepublica",
    "3S": "Shuswap Air",
    "UJ": "Aerosanta Airlines",
    "3T": "Turan Air Airline Company",
    "R7": "Aeroservicios Carabobo",
    "3U": "Sichuan Airlines",
    "5L": "Aerosur",
    "3W": "Nanjing Airlines",
    "VV": "Aerosweet",
    "3X": "Japan Air Commuter",
    "5N": "Aerotour Dominicano Airline",
    "3Z": "Necon Air",
    "X8": "Aerovias Dap SA",
    "4A": "Thunderbird",
    "VE": "Aerovias Venezolanas",
    "4B": "Olson Air Service",
    "OY": "African Intercontinental",
    "4C": "Aires",
    "ZI": "Aigle Azur",
    "4D": "Air Sinai",
    "6R": "Air Affaires Afrique",
    "4E": "Tanana Air Service",
    "RK": "Air Afrique",
    "4F": "Air City",
    "AH": "Air Algerie",
    "4G": "Shenzhen Airlines",
    "4J": "Love Air",
    "CQ": "Air Alpha",
    "4K": "Kenn Borek Air",
    "A6": "Air Alps Aviation",
    "4M": "Minskavia",
    "FQ": "Air Aruba",
    "4N": "Air North",
    "9A": "Air Atlantic",
    "4P": "Transportes aereos",
    "LU": "Air Atlantic Dominicana",
    "4Q": "Trans North Aviation Ltd",
    "UU": "Air Austral",
    "4S": "East West Airline",
    "ZX": "Air B C",
    "4T": "Russian Airlines",
    "BT": "Air Baltic Corp",
    "4U": "Dorado Air SA",
    "AJ": "Air Belgium",
    "4V": "Voyageur Airways",
    "AB": "Air Berlin",
    "4W": "Warbelows Air Ventures",
    "JA": "Air Bosna",
    "4X": "F'airlines B.V.",
    "KF": "Air Botnia",
    "4Y": "Yute Air Alaska",
    "BP": "Air Botswana Corp",
    "4Z": "South African Airlink",
    "7L": "Air Bristol Dba Ab Airline",
    "5A": "Alpine Aviation",
    "5B": "Tie Aviation",
    "PB": "Air Burundi",
    "5C": "Conquest Airlines",
    "TY": "Air Caledonie",
    "5D": "Air Company Donbass Airline",
    "SB": "Air Calédonie International",
    "5E": "Base Regional Airlines",
    "AC": "Air Canada",
    "5F": "Bonaire Airways",
    "WS": "Air Caraibes",
    "5H": "Heli Trans",
    "C2": "Air Caribbean Ltd",
    "5J": "Cebu Pacific Air",
    "R9": "Air Charter",
    "5K": "State Air Company Odessa",
    "UT": "Air Charter Asia",
    "CV": "Air Chathams",
    "5M": "Joint Stock Company Siat",
    "CA": "Air China International",
    "5P": "Ptarmigan Airways",
    "5Q": "Skaergaardsflyget",
    "E6": "Air Company Elf Air",
    "K3": "Air Company Kraiaero",
    "5T": "Airlink Airline Ltd",
    "YN": "Air Creebec",
    "5U": "Lineas Aereas del Estado",
    "DY": "Air Djibouti",
    "5V": "Vistajet",
    "EN": "Air Dolomiti Spa",
    "5W": "Executive Express Ltd.",
    "ER": "Air East",
    "5Y": "Isles Of Scilly Skybus",
    "A5": "Air East Limited",
    "5Z": "Gonini Air Servic",
    "RQ": "Air Engiadiana",
    "6A": "Aviacsa",
    "UX": "Air Europa",
    "6B": "Baxter Aviation",
    "PE": "Air Europe Spa",
    "6C": "Cape Smythe Air Service",
    "XV": "Air Express",
    "6D": "Alaska Island Air Inc",
    "FZ": "Air Facilities",
    "6E": "Malmo Aviation",
    "PC": "Air Fiji Ltd",
    "6F": "Laker Airways Inc",
    "AF": "Air France",
    "6G": "Las Vegas Airlines",
    "GN": "Air Gabon",
    "6J": "Southeast European Air",
    "DA": "Air Georgia",
    "6K": "Korsar",
    "GB": "Air Glaciers SA",
    "6L": "Aklak Inc",
    "JG": "Air Greece",
    "6M": "Maverick Airways Corp",
    "NY": "Air Iceland",
    "6N": "Trans Travel Airlines",
    "AI": "Air India",
    "6P": "Dac Air",
    "IT": "Air Inter Europe",
    "6Q": "Slovak Airlines",
    "VU": "Air Ivoire",
    "6S": "Proteus Helicopters",
    "JM": "Air Jamaica",
    "6T": "Air Mandalay Ltd",
    "BC": "Air Jet",
    "6U": "Air Ukraine",
    "9Y": "Air Kazakstan",
    "6V": "Air Vegas",
    "QP": "Air Kenya Aviation",
    "6W": "Wilderness Airlines",
    "9R": "Air Kilroe Limited",
    "6Y": "Nica",
    "JS": "Air Koryo",
    "7A": "Haines Airways",
    "IJ": "Air Liberté",
    "7B": "Krasnoyarsk Airlines",
    "GW": "Air Lines of Kuban",
    "7C": "Columbia Pacific Airline",
    "DR": "Air Link Pty",
    "TT": "Air Lithuania",
    "7F": "First Air",
    "FU": "Air Littoral",
    "7G": "Bellair Inc",
    "NX": "Air Macau Company Ltd",
    "7H": "Era Aviation",
    "MD": "Air Madagascar",
    "7I": "Imperial Air",
    "QM": "Air Malawi Limited",
    "7J": "State Air Company Tajikistan",
    "L6": "Air Maldives Ltd",
    "7K": "Larrys Flying Service",
    "L9": "Air Mali SA",
    "KM": "Air Malta",
    "7M": "Tyumen Airlines",
    "7N": "Air Manitoba",
    "7P": "Apa International Air",
    "CW": "Air Marshall Islands Inc",
    "7Q": "Shorouk Air",
    "MR": "Air Mauritanie",
    "7R": "Redwing Airways",
    "MK": "Air Mauritius",
    "7S": "Arctic Transportation",
    "ZV": "Air Midwest",
    "7T": "Trans Cote",
    "MC": "Air Mobility Command",
    "7U": "Avianergo",
    "9U": "Air Moldova",
    "7V": "Austin Express",
    "RM": "Air Moldova International",
    "7W": "Air Sask Aviation",
    "SW": "Air Namibia",
    "ON": "Air Nauru",
    "7Y": "West Isle Air",
    "LW": "Air Nevada",
    "7Z": "L.B.Limited",
    "NZ": "Air New Zealand Ltd",
    "8A": "Arctic Air As",
    "EL": "Air Nippon Co Ltd",
    "8C": "Shanxi Airlines",
    "PX": "Air Niugini",
    "8D": "Volare Airlines",
    "ID": "Air Normandie",
    "8E": "Bering Air",
    "8F": "Hanair Haiti Ntl Air",
    "YW": "Air Nostrum",
    "8H": "Air South West",
    "QK": "Air Nova",
    "8J": "Jetall",
    "YH": "Air Nunavut",
    "8K": "Air Ostrava Ltd",
    "AP": "Air One",
    "8L": "Grand International Airway",
    "8M": "Maxair",
    "FJ": "Air Pacific Ltd",
    "8N": "Flagship Airlines",
    "8O": "West Coast Air",
    "P3": "Air Provence",
    "8P": "Pacific Coastal Airlines",
    "GZ": "Air Rarotonga",
    "8Q": "Baker Aviation",
    "RY": "Air Rwanda",
    "8R": "Rock Air",
    "8S": "Salair Inc",
    "DS": "Air Senegal",
    "8T": "Air Tindi Ltd",
    "HM": "Air Seychelles",
    "8U": "Dolphin Express Airlines",
    "BM": "Air Sicilia",
    "8V": "Wright Air Services",
    "8Y": "Ecuato Guineana De Aviac",
    "GM": "Air Slovakia BWJ",
    "WV": "Air South Airlines Inc",
    "9C": "Gill Aviation Ltd",
    "9E": "Express Airlines",
    "OJ": "Air St Barthelemy",
    "9F": "Majestic Airways",
    "S6": "Air St Martin",
    "9G": "Caribbean Air",
    "PJ": "Air St Pierre",
    "9J": "Pacific Island Aviation",
    "ZP": "Air St Thomas",
    "9K": "Cape Air",
    "GO": "Air Stord",
    "9L": "Colgan Air",
    "IU": "Air Straubing",
    "9M": "Central Mountain Air",
    "YI": "Air Sunshine",
    "9N": "Trans State Airlines",
    "VT": "Air Tahiti",
    "9P": "Pelangi Air",
    "TN": "Air Tahiti Nui",
    "TC": "Air Tanzania Corp",
    "9T": "Athabaska Airways",
    "SH": "Air Toulouse",
    "9V": "VIP Air",
    "T7": "Air Trans Ireland Services",
    "9W": "Jet Airways Ltd",
    "TF": "Air Transport Pyrenees",
    "9X": "Tasawi Air Services Ltd",
    "ZH": "Air Truck",
    "VK": "Air Tungaru",
    "A2": "Intersomal",
    "DP": "Air Two Thousand Ltd",
    "A4": "Southern Winds",
    "UK": "Air UK Ltd",
    "A7": "Astanair",
    "NF": "Air Vanuata",
    "A9": "Aircompany Airzena",
    "ZW": "Air Wisconsin Airlines",
    "AA": "American Airlines",
    "QC": "Air Zaire",
    "ZT": "Air Zambezi",
    "UM": "Air Zimbabwe",
    "AD": "Aspen Mountain Air",
    "AK": "Airasia Sdn Bhd",
    "AE": "Mandarin Airlines",
    "ZF": "Airborne of Sweden AB",
    "AG": "Provincial Airlines",
    "UL": "Airlanka Ltd",
    "C4": "Airlines Of Carriacou",
    "IP": "Airlines of Tasmania",
    "AL": "Astral aviation",
    "ND": "Airlink Pty Ltd",
    "TL": "Airnorth Regional",
    "AN": "Ansett",
    "LQ": "Airpac Airlines",
    "AO": "Aviaco",
    "VZ": "Airtours Intl Airways",
    "FL": "Airtran Airways",
    "AQ": "Aloha Airlines",
    "HO": "Airways International",
    "HT": "Airwork",
    "AS": "Alaska Airlines",
    "E9": "Ajt Air International",
    "AT": "Royal Air Maroc",
    "AU": "Austral Lineas Aereas",
    "AV": "Avianca",
    "KO": "Alaska Central Express",
    "AW": "P.T. Dirgantara Air Service",
    "AX": "Binter Mediterraneo",
    "UI": "Alaska Seaplane Service",
    "AY": "Finnair",
    "LV": "Albanian Airlines Mak",
    "AZ": "Alitalia",
    "B2": "Belavia",
    "XM": "Alitalia Express",
    "B3": "Bellview Airlines Ltd",
    "RD": "Alitalia Team",
    "B4": "Bhoja Airlines Ltd",
    "NH": "All Nippon Airways",
    "B6": "Top Air Havacilik Sanayi",
    "Y2": "Alliance",
    "B7": "Uni Airways Corp",
    "CD": "Alliance Air",
    "B8": "Italair",
    "EO": "Alliance Airlines",
    "B9": "Caribbean Airlines Inc",
    "BA": "British Airways",
    "WP": "Aloha Islandair",
    "BB": "Seaborne Aviation Inc",
    "E8": "Alpi Eagles Spa",
    "BD": "British Midland Airways",
    "HP": "America West Airlines",
    "BE": "Centennial Airlines SA",
    "BF": "Markair",
    "TZ": "American Trans Air",
    "BG": "Biman Bangladesh Airline",
    "BH": "Transtate Airlines",
    "C3": "Angola Air Charter",
    "BI": "Royal Brunei",
    "BJ": "Aviation Commercial",
    "ZQ": "Ansett New Zealand",
    "BK": "Paradise Island",
    "HU": "Antigua Paradise Airways",
    "BL": "Pacific Airlines",
    "LM": "Antillean Airlines",
    "IW": "AOM French Airlines",
    "BN": "Landair Intl Airlines",
    "BO": "Bouraq Airlines",
    "K6": "Appolo Airlines S A",
    "Y5": "Arax Airways",
    "BQ": "Virgin Express",
    "F5": "Archana Airways Ltd",
    "BR": "Eva Airways Corp",
    "BS": "British International",
    "FG": "Ariana Afghan Airlines",
    "BU": "Braathens",
    "D4": "Aries del Sur",
    "BV": "Sun Air",
    "IZ": "Arkia Israeli Airlines",
    "BW": "Bwia International",
    "R3": "Armenian Airlines",
    "BX": "Coast Air",
    "Y3": "Asia Service Airlines",
    "BY": "Britannia Airways",
    "OZ": "Asiana Airlines",
    "BZ": "Keystone Air Service",
    "OI": "Aspiring Air Services",
    "S3": "Astoria",
    "C5": "Cretan Airlines SA",
    "C6": "Bright Air",
    "C8": "Chicago Express Airlines",
    "L4": "Atlant Sv",
    "C9": "Co Aéronautique Européen",
    "RC": "Atlantic Airways",
    "EV": "Atlantic Southeast Airlines",
    "CB": "Suckling Airways",
    "IQ": "Augsburg Airways",
    "CC": "Macair Airlines",
    "HB": "Augusta Airways",
    "GR": "Aurigny Air Services",
    "CE": "Nationwide Air",
    "NO": "AUS Air",
    "CF": "Faucett",
    "CG": "Milne Bay Air Pty",
    "CH": "Bemidji Airlines",
    "KC": "Australian Commuter Air",
    "CI": "China Airlines",
    "OS": "Austrian Airlines",
    "CJ": "China Northern Airlines",
    "OG": "Austrian Airtransport",
    "CL": "Lufthansa Citylin",
    "OT": "Avant Airlines",
    "CM": "Copa Companía Panamena",
    "CN": "Island Nationair",
    "CO": "Continental Airlines",
    "OC": "Aviacion del Noroeste SA",
    "CP": "Canadian Airlines",
    "T5": "Aviacompany Turkmenistan",
    "CS": "Continental Micro",
    "CU": "Cubana de Aviación",
    "J5": "Aviaprima Airlines",
    "CX": "Cathay Pacific",
    "GU": "Aviateca",
    "CY": "Cyprus Airways",
    "CZ": "China Southern Airlines",
    "Q6": "Aviation Mineralnye Vody",
    "D2": "Skyline Nepc Ltd",
    "D3": "Daallo Airlines",
    "DF": "Aviosarda",
    "J2": "Azerbaijan Hava Yollari",
    "D5": "Nepc Airlines",
    "ZS": "Azzurra Air Spa",
    "D6": "Inter Air",
    "UP": "Bahamasair",
    "D7": "Dinar Lineas Aereas SA",
    "X3": "Baikal Airlines",
    "D8": "Diamond Sakha Airlines",
    "D9": "Joint Stock Aviation Co",
    "LZ": "Balkan",
    "TI": "Baltic Intl Airlines",
    "DB": "Brit Air",
    "PG": "Bangkok Airways",
    "DC": "Golden Air Flyg Ab",
    "DD": "Shuttle Air Cargo",
    "V9": "Bashkir Airlines",
    "DE": "Condor Flugdienst",
    "JV": "Bearskin Airlines",
    "DG": "Island Airlines Pty",
    "DH": "United Express",
    "DI": "Deutsche BA",
    "DJ": "Nordic European Airlines",
    "DK": "Eastland Air",
    "DL": "Delta Air Lines",
    "J8": "Berjaya Air",
    "DM": "Maersk Air",
    "DN": "Trans Pacific Airlines",
    "GQ": "Big Sky Airlines",
    "DO": "Companía Dominicana",
    "NT": "Binter Canarias",
    "DQ": "Coastal Air Transport",
    "H9": "Blade Helicopters",
    "YM": "Blue Sky Carrier",
    "DT": "Taag",
    "DU": "Hemus Air",
    "DV": "LUFTTAXI FLUGGESELLSCHAFT",
    "DW": "Rottnest Airlines",
    "DX": "Danish Air Transport",
    "DZ": "Transcaraibes Air Intl",
    "E2": "Everest Air Ltd",
    "E3": "Domodedovo Airlines",
    "KJ": "British Mediterranean",
    "E5": "Samara Airlines",
    "J4": "Buffalo Airways Ltd",
    "II": "Business Air Ltd",
    "E7": "Downeast Express",
    "HQ": "Business Express",
    "ZZ": "Buzz",
    "EA": "Eas Europe Airlines",
    "MO": "Calm Air International",
    "EC": "Heli Inter Riviera",
    "XE": "Cambodia Intl Airlines",
    "ED": "CCair",
    "UY": "Cameroon Airlines",
    "EF": "Far Eastern Air Transport",
    "EG": "Japan Asia Airways",
    "EH": "Saeta",
    "FW": "Canarias Regional Air",
    "EJ": "New England Airlines",
    "EK": "Emirates",
    "NS": "Cape York Air",
    "NN": "Cardinal Airlines Ltd",
    "EM": "Western Airlines",
    "IM": "Carib Express Ltd",
    "EP": "Pelita Air Service",
    "KW": "Carnival Airlines",
    "EQ": "Tame",
    "W8": "Carribean Winds Airlines",
    "XP": "Casino Express Airlines",
    "ES": "Helicopteros Del Cusco",
    "ET": "Ethiopian Airlines",
    "KX": "Cayman Airways Ltd",
    "EU": "Ecuatoriana De Aviación",
    "EW": "Eurowings",
    "EY": "Mayan World Airlines",
    "M6": "Chalair",
    "EZ": "Sun Air Of Scandinavia",
    "F2": "Southern Independent Air",
    "F3": "Flying Enterprise",
    "F4": "Eureca SRL",
    "MU": "China Eastern Airlines",
    "GP": "China General Aviation",
    "F6": "China National Aviation",
    "F7": "Iron Dragon Fly Air Co",
    "F9": "Frontier Airlines",
    "WH": "China Northwest Airlines",
    "FA": "Finnaviation",
    "FB": "Guard Air",
    "SZ": "China Southwest Airlines",
    "FC": "Thuringia Airlines",
    "X2": "China Xinhua Airlines",
    "FD": "Cityflyer Express",
    "FE": "Eagle Canyon Airlines",
    "QI": "Cimber Air",
    "FF": "Tower Air Inc",
    "H2": "City Bird",
    "FH": "Futura International",
    "WX": "Cityjet",
    "FI": "Icelandair",
    "FK": "Flamenco Airways",
    "FM": "Shanghai Airlines",
    "G2": "Color Air",
    "FN": "Regional Air Lines",
    "FO": "Expedition Airways",
    "OH": "Comair",
    "MN": "Commercial Airways",
    "FR": "Ryanair",
    "FS": "Missionary Aviation",
    "FT": "Vancouver Island Air Ltd",
    "V8": "Contact Air",
    "FV": "F Airlines B V",
    "FX": "Fedex",
    "KN": "Coral International Air",
    "FY": "Hahnair Friedrichshafen",
    "UH": "Corp Airlines Canberra",
    "SS": "Corse Air International",
    "G3": "Emerald Airways",
    "XK": "Corse Méditerranée",
    "G4": "Guizhou Airlines",
    "ZE": "Cosmos Air",
    "G5": "Island Air Ltd",
    "XL": "Country Connection Airline",
    "G6": "Volga Airlines",
    "G7": "Gandalf Airlines Spa",
    "OR": "Crimea Air",
    "G8": "Gujarat Airways Ltd",
    "OU": "Croatia Airlines",
    "G9": "Grant Aviation",
    "X5": "Cronus Airlines",
    "GA": "Garuda Indonesia",
    "LX": "Crossair",
    "QE": "Crossair Europe",
    "GC": "Lina Congo",
    "GD": "Trans Aereos Ejecutivos",
    "R6": "Cypress Airlines",
    "GE": "Transasia Airways",
    "GF": "Gulf Air",
    "OK": "Czech Airlines",
    "GG": "Tamair",
    "GH": "Ghana Airways",
    "GJ": "Eurofly Spa",
    "GK": "Go One Airways",
    "GL": "Greenlandair",
    "MG": "Djibouti Airlines",
    "GT": "GB Airways",
    "Z6": "Dnieproavia State",
    "GV": "Riga Airlines",
    "Q8": "Donetsk Aviation",
    "GX": "Pacific Airways Corp",
    "GY": "Guyana Airways",
    "KB": "Druk Air",
    "ZN": "Eagle Airlines",
    "H3": "Harbour Air Ltd",
    "Y4": "Eagle Aviation Ltd",
    "H4": "Hainan Airlines",
    "H5": "Magadan Airlines",
    "H6": "Hageland Aviation",
    "H7": "Taquan Air Service Inc",
    "XZ": "Eastair",
    "H8": "Khabarovsk Aviation",
    "T3": "Eastern Airways Ltd",
    "HA": "Hawaiian Airlines",
    "W9": "Eastwind Capital Partner",
    "U2": "Easyjet Airline Company Ltd",
    "HC": "Naske Air",
    "HD": "New York Helicopter Corp",
    "HE": "Lgw Luftfahrtges Walter",
    "MS": "Egyptair",
    "HF": "Hapag Lloyd",
    "LY": "El Al Israel Airlines",
    "HG": "Harbor Airlines",
    "HH": "Islandsflug",
    "YE": "Emerald European Airways",
    "HI": "Papillon Airways",
    "HJ": "Swedeways AB",
    "HK": "Swan Airlines",
    "OV": "Estonian Air",
    "S8": "Estonian Aviation",
    "RN": "Euralair International",
    "HR": "Hahn Air",
    "TH": "Euroair",
    "HS": "Highland Air AB",
    "HZ": "Euroflight Sweden AB",
    "Y6": "Europe Elite",
    "HV": "Transavia airlines",
    "M3": "European Air Express",
    "HW": "North Wright Air",
    "QY": "European Air Transport",
    "HY": "Uzbekistan Airways",
    "L8": "European Airways Ltd",
    "IA": "Iraqi Airways",
    "MY": "Euroscot Airways Ltd",
    "IB": "IBERIA",
    "JO": "Eurosky Airlines",
    "IC": "Indian Airlines Ltd",
    "IE": "Solomon Airlines",
    "IF": "Great China Airlines",
    "NA": "Executive Airlines",
    "IG": "Meridiana Spa",
    "IH": "Falcon Aviation AB",
    "N8": "Expresso Aero",
    "IK": "Lynden Air Cargo",
    "IL": "Istanbul Airlines",
    "LK": "Fairlines",
    "IN": "Macedonian Airlines",
    "IR": "Iran Air",
    "IS": "Island Airlines",
    "IV": "Fujian Airlines",
    "IX": "Flandre Air",
    "IY": "Yemenia",
    "YC": "Flight West Airlines",
    "MT": "Flying Colours Airlines",
    "VY": "Formosa Airlines Corp.",
    "Q5": "Forty Mile Air",
    "J7": "Valujet Airlines",
    "ZU": "Freedom Air",
    "J9": "Jet Aspen",
    "JB": "Helijet Airways",
    "JC": "Inter Air Direct",
    "JD": "Japan Air System Company",
    "JE": "Manx Airlines",
    "JF": "L A B Flying Service",
    "JH": "Nordeste Linhas Aereas",
    "JI": "Midway Airlines",
    "JJ": "TAM Meridional",
    "JK": "Spanair",
    "YD": "Gomelavia",
    "JL": "JAL Japan Airlines",
    "JN": "Rich International Air",
    "MV": "Great American Airways",
    "JQ": "Trans Jamaican Airlines",
    "ZK": "Great Lakes Aviation Ltd",
    "JT": "Jaro Intl Airlines",
    "JU": "Yugoslav Airlines",
    "JW": "Pacific Eagle Airlines",
    "JX": "Nice Hélicoptères",
    "JY": "Jersey European",
    "JZ": "Skyways Ab",
    "K2": "Kyrghyzstan Airlines",
    "K4": "Kazakhstan Airlines",
    "K7": "National Air Sakha Aviation",
    "X4": "Haiti Trans Air",
    "K8": "Kaliningrad Airlines",
    "WD": "Halisa Air",
    "K9": "Itapemirim Transportes",
    "KA": "Hong Kong Dragon Airline",
    "KD": "Kendell Airlines",
    "KE": "Korean Air",
    "ZL": "Hazelton Airlines",
    "KG": "Linea Aerea IAACA",
    "LE": "Helgoland Airlines",
    "KH": "Kyrnair",
    "YO": "Heli Air Monaco",
    "KK": "Tam Regional",
    "KL": "KLM",
    "UV": "Helicopteros del Sureste",
    "YQ": "Helikopterservice",
    "KP": "Kiwi International Air",
    "KQ": "Kenya Airways",
    "UD": "HEX Air",
    "KR": "Kar Air",
    "KS": "Penair",
    "KT": "Kampuchea Airlines",
    "QX": "Horizon Air",
    "KU": "Kuwait Airways",
    "KV": "State United Venture",
    "LS": "Iliamna Air Taxi Inc",
    "KY": "Waterwings Airways",
    "VQ": "Impulse Airlines Ltd",
    "KZ": "Linea Aerea Ejecutivo",
    "L3": "Kaiken Lineas Aereas",
    "L5": "Lufttransport",
    "Q9": "Interbrasil Star S.A.",
    "RS": "Intercont de Aviación",
    "L7": "Lviv Airlines",
    "M4": "Interimpex Avioimpex",
    "YK": "International Aviation",
    "U5": "International Business Air",
    "LA": "Lan Chile",
    "LB": "Lloyd Aero Boliviano",
    "LC": "Loganair",
    "Y7": "Iran Asseman Airlines",
    "LF": "Jet Train Corp",
    "LG": "Luxair",
    "LH": "Lufthansa",
    "LI": "Liat Caribbean Airline",
    "LJ": "Sierra National Airlines",
    "LL": "Lineas Aereas Allegro",
    "LN": "Libyan Airlines",
    "WC": "Islena de Inversiones SA",
    "LO": "LOT Polish Airlines",
    "LP": "Lan Peru",
    "LR": "Lacsa Airlines",
    "LT": "LTU",
    "NU": "Japan Transocean Air Co",
    "QJ": "Jet Airways Inc",
    "M2": "Mahfooz Aviation G Ltd",
    "PP": "Jet Aviation Business AG",
    "M5": "Kenmore Air",
    "M8": "Moscow Airways",
    "M9": "Modiluft Ltd",
    "P7": "Joint Stock Co East Line",
    "MA": "Malev Hungarian Airlines",
    "X7": "Joint Stock Company",
    "XC": "K D Air Corporation",
    "ME": "Middle East Airlines",
    "MF": "Xiamen Airlines",
    "MH": "Malaysia Airlines",
    "MI": "Silkair",
    "MJ": "Lapa",
    "MM": "Soc Aero de Medellin",
    "MP": "Martinair Holland",
    "MQ": "Simmons Airlines",
    "X6": "Khors Aircompany Ltd",
    "WA": "KLM City Hopper",
    "XT": "KLM Exel",
    "MW": "Maya Airways",
    "NE": "Knight Air",
    "MX": "Mexicana",
    "MZ": "Merpati",
    "N4": "National Airlines Chile",
    "N5": "Sardairline Soc Coop Airline",
    "N7": "National Airlines Inc.",
    "WJ": "Labrador Airways Ltd",
    "N9": "North Coast Aviation Pty",
    "UC": "Ladeco Airlines",
    "NB": "Sterling Airways",
    "NC": "National Jet Systems Pty",
    "TM": "LAM Mozambique",
    "NG": "Lauda Air",
    "QV": "Lao Aviation",
    "NI": "Portugalia",
    "NJ": "Vanguard Airlines Inc",
    "NK": "Spirit Airlines",
    "NL": "Shaheen Air",
    "QL": "Lesotho Airways",
    "NM": "Mount Cook Airline",
    "NP": "Skytrans",
    "NQ": "Orbi Georgian Air",
    "RT": "Lincoln Airlines",
    "NR": "Norontair",
    "NV": "Nwt Air",
    "XU": "Link Airways",
    "NW": "Northwest Airlines",
    "TE": "Lithuanian Airlines",
    "YL": "Long Island Airlines Ltd",
    "OA": "Olympic Airways",
    "OB": "Shepparton Airlines",
    "OD": "Zuliana de Aviaci",
    "OE": "Westair Commuter Airline",
    "OF": "Trav Aeriens Madagascar",
    "OL": "OLT Ostfriesische Lufttransport",
    "OM": "Miat Mongolian Airlines",
    "VB": "Maersk Air Ltd",
    "OO": "Sky West Airlines",
    "OP": "Pan Am Air Bridge",
    "OQ": "Zambian Express Airways",
    "R5": "Malta Air Charter",
    "OW": "OneWorld Alliance",
    "OX": "Orient Express Air",
    "P2": "Tymen Air Carrier",
    "T9": "Master Aviation",
    "P6": "Trans Air",
    "P8": "Pantanal Linhas Aereas",
    "PA": "Pan American",
    "YV": "Mesa Airlines",
    "XJ": "Mesaba Airlines",
    "PD": "Pemair",
    "PF": "Palestinian Airlines",
    "YX": "Midwest Express Airlines",
    "PH": "Polynesian Ltd",
    "PI": "Sunflower Airlines",
    "Q2": "Minerva Airlines",
    "PK": "Pakistan International",
    "PM": "Tropic Air",
    "PN": "Ste Nlle Air Martinique",
    "ZB": "Monarch Airlines",
    "PQ": "Skippers Aviation Pty Lt",
    "PR": "Philippine Airlines",
    "PS": "Ukraine Intl Airlines",
    "ZR": "MUK Air",
    "PT": "West Air Sweden",
    "Q4": "Mustique Airways",
    "PU": "Pluna",
    "UB": "Myanmar Airways Intl",
    "PV": "Pauknair",
    "PW": "Pine State Airlines",
    "PY": "Surinam Airways",
    "YJ": "National Airlines",
    "PZ": "Tra.Aereos del Mercosur",
    "Q3": "Sandaun Air Services",
    "YA": "Nego Airline One",
    "Q7": "Sobelair",
    "Z5": "Newwest Airlines Inc",
    "QB": "Northern Airlines Sanya",
    "WT": "Nigeria Airways",
    "QF": "Qantas Airways Ltd",
    "U4": "Noman",
    "QG": "Prima Air",
    "QH": "Qwestair",
    "VL": "North Vancouver Airlines",
    "QN": "Royal Aviation",
    "UO": "Northern Star Airlines",
    "QQ": "Reno Air Inc",
    "QR": "Qatar Airways",
    "UQ": "O Connor Mt Gambiers",
    "QS": "Tatra Air",
    "QT": "Sar Avions Taxis",
    "QU": "Uganda Airlines",
    "WY": "Oman Air",
    "QW": "Turks and Caicos Airways",
    "RF": "Ord Air Charter PTY LTD",
    "R2": "State Orenburg Avia",
    "V6": "Orient Avia",
    "R4": "Russia",
    "RI": "P T Mandala Airlines",
    "R8": "Reguljair",
    "RA": "Royal Nepal Airlines",
    "RB": "Syrianair",
    "RG": "Varig",
    "RJ": "Royal Jordanian",
    "RL": "Region Air Carribean Ltd",
    "Y8": "Passadero Trans Aereos",
    "RO": "Tarom",
    "RR": "Royal Air Force",
    "UW": "Perimeter Airlines",
    "RU": "TCI Skyking Ltd",
    "RV": "Reeve Aleutian Airways",
    "RW": "Ras Fluggesellschaft MBH",
    "RX": "Redwing Airways Inc",
    "RZ": "Sansa",
    "Z3": "Promech",
    "S2": "Sahara India Airlines",
    "YS": "Proteus",
    "S4": "Spair Air Transport",
    "S5": "Virgin Islands Airways",
    "Z8": "Pulkovo Airlines",
    "S7": "Siberia Airlines",
    "S9": "SAE Swe Aviation Europe",
    "SA": "South African Airways",
    "SC": "Shandong Airlines",
    "SD": "Sudan Airways Co Ltd",
    "SE": "Wings of Alaska",
    "SG": "Sempati Air",
    "VM": "Regional Airlines",
    "SI": "Svea Flug",
    "XG": "Regional Lineas Aereas",
    "SJ": "Southern Air Transport",
    "SK": "Scandinavian Airlines",
    "SL": "Rio Sul",
    "WE": "Rheintalflug Seewald",
    "SM": "Sunworld Intl Airlines",
    "SN": "Sabena",
    "SO": "Swiss World Airways",
    "SP": "Sata Air Acores",
    "SQ": "Singapore Airlines",
    "WQ": "Romavia",
    "SR": "Swissair",
    "VJ": "Royal Air Cambodge",
    "ST": "Yanda Airlines",
    "SV": "Saudi Arabian Airlines",
    "SY": "Sun Country Airlines",
    "ZC": "Royal Swazi National Air",
    "T2": "Taba Transportes Aereos",
    "WR": "Royal Tongan Airlines",
    "T4": "Transeast Airlines",
    "T6": "Tavrey Aircompany",
    "ZG": "Sabair Airlines",
    "T8": "Transportes Aereos Neuqu",
    "TA": "Taca Intl Airlines",
    "TB": "Shuttle Inc",
    "TD": "TNT Sava",
    "TS": "Samoa Aviation",
    "WB": "SAN",
    "TG": "Thai Airways Intl",
    "TJ": "TAS Airways",
    "TK": "Turkish Airlines",
    "YR": "Scenic Airlines",
    "ZM": "Scibe Airlift",
    "TP": "TAP Air Portugal",
    "TR": "Transbrasil",
    "U9": "Selcon Airlines Ltd",
    "VC": "Servicios Avensa",
    "TU": "Tunis Air",
    "TW": "Trans World Airlines Inc",
    "TX": "Ste Nlle Air Guadeloupe",
    "U3": "Travelair",
    "U6": "Ural Airlines",
    "U7": "United Aviation",
    "UA": "United Airlines",
    "UE": "Transeuropean Airlines",
    "UF": "Turkestan Airlines",
    "UG": "Tuninter",
    "YT": "Skywest Airlines",
    "UN": "Transaero Airlines",
    "US": "US Airways",
    "YB": "South African Express",
    "WN": "Southwest Airlines Texas",
    "UZ": "UP Air",
    "V2": "Valdresfly AS",
    "V3": "Vanair Limited",
    "V4": "Venus Airlines",
    "V5": "Vnukovo Airlines",
    "VA": "Viasa Venezolana",
    "VF": "Tropical Airlines",
    "VG": "VLM Vlaamse",
    "VI": "Vieques Air Link",
    "W3": "Swiftair SA",
    "VN": "Vietnam Airlines",
    "VO": "Tyrolean Airways",
    "VP": "Vaspbrazilian Airlines",
    "VR": "TACV Cabo Verde Airlines",
    "VS": "Virgin Atlantic",
    "W5": "Tajikistan International",
    "W7": "Western Pacific Airlines",
    "Z4": "Tayfunair Inc",
    "ZJ": "Teddy Air",
    "WF": "Wideroe",
    "WG": "Wasaya Airways Ltd",
    "WI": "U Land Airlines",
    "WM": "Windward Island Airways",
    "WO": "World Airways",
    "YZ": "Trans Aer Guine Bissau",
    "Y9": "Trans Air Congo",
    "WW": "Whyalla Airlines",
    "XO": "Xinjiang Airlines",
    "Z7": "Zimbabwe Express Air",
    "ZA": "ZAS Airline of Egypt"
}